,title,link,nbComments,prix,topRow,evaluation,roomInfo
1,The Place To Be // Trendy Eiffel Tower Apartment ! - null - Paris,http://airbnb.com/rooms/46465358?adults=1&check_in=2020-12-30&check_out=2020-12-31&previous_page_section_name=1000&federated_search_id=15ba5a08-e16e-4e5b-844e-26570da170c7,pas de commentaire,Prix :190€ / nuit,Logement entier à Tour Eiffel - Champ de Mars,pas d'évaluation,2 voyageurs · Studio · 1 lit · 1 salle de bain
2,La Chambre & Piscine - null - Paris,http://airbnb.com/rooms/31868079?adults=1&check_in=2020-12-30&check_out=2020-12-31&previous_page_section_name=1000&federated_search_id=15ba5a08-e16e-4e5b-844e-26570da170c7, (174),Prix :120€ / nuit,Chambre d'hôtel à Vaugirard,4.84,2 voyageurs · 1 chambre · 1 lit · 1 salle de bain
3,Secret Deluxe Room in the heart of Paris - null - Paris,http://airbnb.com/rooms/33703579?adults=1&check_in=2020-12-30&check_out=2020-12-31&previous_page_section_name=1000&federated_search_id=15ba5a08-e16e-4e5b-844e-26570da170c7, (18),Prix :97€ / nuit,Chambre d'hôtel à 9e arrondissement,4.61,2 voyageurs · 1 chambre · 1 lit · 1 salle de bain
4,Chaleureux studio pour 4 personnes - null - Bobigny,http://airbnb.com/rooms/41310751?adults=1&check_in=2020-12-30&check_out=2020-12-31&previous_page_section_name=1000&federated_search_id=15ba5a08-e16e-4e5b-844e-26570da170c7,pas de commentaire,Prix :77€ / nuit,Logement entier à Bobigny,pas d'évaluation,3 voyageurs · Studio · 4 lits · 1 salle de bain
5,Champs Elysées - Ponthieu 61 : appt. cosy pour 4 - null - Paris,http://airbnb.com/rooms/46789810?adults=1&check_in=2020-12-30&check_out=2020-12-31&previous_page_section_name=1000&federated_search_id=15ba5a08-e16e-4e5b-844e-26570da170c7,pas de commentaire,Prix :94€ / nuit,Logement entier à 8e arrondissement,pas d'évaluation,4 voyageurs · 1 chambre · 2 lits · 1 salle de bain
6,NO Louvre - Etienne Marcel 301 : appt. cosy pour 2 - null - Paris,http://airbnb.com/rooms/46785554?adults=1&check_in=2020-12-30&check_out=2020-12-31&previous_page_section_name=1000&federated_search_id=15ba5a08-e16e-4e5b-844e-26570da170c7,pas de commentaire,Prix :102€ / nuit,Logement entier à 2e arrondissement,pas d'évaluation,2 voyageurs · Studio · 1 lit · 1 salle de bain
7,Logement Privé Relaxant avec grand Jaccusi &Jardin - null - Rosny-sous-Bois,http://airbnb.com/rooms/15443356?adults=1&check_in=2020-12-30&check_out=2020-12-31&previous_page_section_name=1000&federated_search_id=15ba5a08-e16e-4e5b-844e-26570da170c7, (291),Prix :129€ / nuit,Chambre privée à Rosny-sous-Bois,4.68,"2 voyageurs · 1 chambre · 1 lit · 1,5 salle de bain"
8,"Chambre déco industrielle ""Amsterdam"", accès Spa - null - Clichy",http://airbnb.com/rooms/18984480?adults=1&check_in=2020-12-30&check_out=2020-12-31&previous_page_section_name=1000&federated_search_id=15ba5a08-e16e-4e5b-844e-26570da170c7, (185),Prix :86€ / nuit,Chambre dans un boutique-hôtel à 17e arrondissement,4.58,2 voyageurs · 1 chambre · 1 lit · 1 salle de bain privée
9,Belle chambre au centre de Paris - null - Paris,http://airbnb.com/rooms/1250856?adults=1&check_in=2020-12-30&check_out=2020-12-31&previous_page_section_name=1000&federated_search_id=15ba5a08-e16e-4e5b-844e-26570da170c7, (453),Prix initial :46€Prix réduit :38€ / nuit,Chambre privée à Quartier Latin,4.69,1 voyageur · 1 chambre · 1 lit · 1 salle de bain partagée
10,"Espace partagé, Shared space - null - Saint-Denis",http://airbnb.com/rooms/9975524?adults=1&check_in=2020-12-30&check_out=2020-12-31&previous_page_section_name=1000&federated_search_id=15ba5a08-e16e-4e5b-844e-26570da170c7, (441),Prix :19€ / nuit,Chambre partagée à La Chapelle,4.58,2 voyageurs · 1 chambre · 1 lit · 1 salle de bain partagée
11,Private room for women only - null - La Courneuve,http://airbnb.com/rooms/46854051?adults=1&check_in=2020-12-30&check_out=2020-12-31&previous_page_section_name=1000&federated_search_id=15ba5a08-e16e-4e5b-844e-26570da170c7,pas de commentaire,Prix :20€ / nuit,Chambre privée à La Courneuve,pas d'évaluation,1 voyageur · 1 chambre · 1 lit · 1 salle de bain partagée
12,Artsy loft by the canal St Martin+République 70m2 - null - Paris,http://airbnb.com/rooms/28977228?adults=1&check_in=2020-12-30&check_out=2020-12-31&previous_page_section_name=1000&federated_search_id=15ba5a08-e16e-4e5b-844e-26570da170c7, (75),Prix :97€ / nuit,Loft entier à 11e arrondissement,4.93,5 voyageurs · 1 chambre · 3 lits · 1 salle de bain
13,Superbe appartement cosy entre Disney et Paris - null - Le Perreux-sur-Marne,http://airbnb.com/rooms/34438461?adults=1&check_in=2020-12-30&check_out=2020-12-31&previous_page_section_name=1000&federated_search_id=15ba5a08-e16e-4e5b-844e-26570da170c7, (70),Prix :85€ / nuit,Logement entier à Le Perreux-sur-Marne,4.99,2 voyageurs · 1 chambre · 1 lit · 1 salle de bain
14,La montmartoise - null - Paris,http://airbnb.com/rooms/41399617?adults=1&check_in=2020-12-30&check_out=2020-12-31&previous_page_section_name=1000&federated_search_id=15ba5a08-e16e-4e5b-844e-26570da170c7, (51),Prix :24€ / nuit,Chambre privée à 18e arrondissement,4.80,"1 voyageur · 1 chambre · 1 lit · 1,5 salle de bain partagée"
15,"Chambre inspiration ""HELSINKI"", accès SPA & Jardin - null - Clichy",http://airbnb.com/rooms/16624763?adults=1&check_in=2020-12-30&check_out=2020-12-31&previous_page_section_name=1000&federated_search_id=15ba5a08-e16e-4e5b-844e-26570da170c7, (247),Prix :86€ / nuit,Chambre dans un boutique-hôtel à 17e arrondissement,4.53,2 voyageurs · 1 chambre · 1 lit · 1 salle de bain privée
16,Montrouge 3P entièrement équipé refait à neuf - null - Montrouge,http://airbnb.com/rooms/46806861?adults=1&check_in=2020-12-30&check_out=2020-12-31&previous_page_section_name=1000&federated_search_id=15ba5a08-e16e-4e5b-844e-26570da170c7,pas de commentaire,Prix :113€ / nuit,Logement entier à 14e arrondissement,pas d'évaluation,4 voyageurs · 2 chambres · 2 lits · 1 salle de bain
17,2 pièces avec balcon de 20 mètres carrés. - null - Bagnolet,http://airbnb.com/rooms/45756747?adults=1&check_in=2020-12-30&check_out=2020-12-31&previous_page_section_name=1000&federated_search_id=15ba5a08-e16e-4e5b-844e-26570da170c7, (8),Prix :67€ / nuit,Logement entier à 20e arrondissement,5.0,"4 voyageurs · 1 chambre · 1 lit · 1,5 salle de bain"
18,CHAMBRE LUMINEUSE PARIS 10 - null - Paris,http://airbnb.com/rooms/45720307?adults=1&check_in=2020-12-30&check_out=2020-12-31&previous_page_section_name=1000&federated_search_id=15ba5a08-e16e-4e5b-844e-26570da170c7, (4),Prix :43€ / nuit,Chambre privée à 10e arrondissement,4.75,2 voyageurs · 1 chambre · 1 lit · 1 salle de bain partagée
19,Classique Double - null - Paris,http://airbnb.com/rooms/41393958?adults=1&check_in=2020-12-30&check_out=2020-12-31&previous_page_section_name=1000&federated_search_id=15ba5a08-e16e-4e5b-844e-26570da170c7, (171),Prix initial :127€Prix réduit :74€ / nuit,Chambre dans un boutique-hôtel à Père Lachaise - Ménilmontant,4.65,2 voyageurs · 1 chambre · 0 lit · 1 salle de bain privée
1,Chambre en plein cœur de paris - null - Paris,http://airbnb.com/rooms/43969632?adults=1&check_in=2020-12-30&check_out=2020-12-31&previous_page_section_name=1000&federated_search_id=f58e730e-dc66-48e9-8600-a260fd2b4826, (51),Price:$67 / night,Private room in X Arrondissement,4.73,2 guests · 1 bedroom · 1 bed · 1 shared bath
2,Classique Double - null - Paris,http://airbnb.com/rooms/41393958?adults=1&check_in=2020-12-30&check_out=2020-12-31&previous_page_section_name=1000&federated_search_id=f58e730e-dc66-48e9-8600-a260fd2b4826, (171),Previous price:$154Discounted price:$89 / night,Room in boutique hotel in Père Lachaise - Ménilmontant,4.65,2 guests · 1 bedroom · 0 beds · 1 private bath
3,Single cosy bedroom inside Paris - null - Paris,http://airbnb.com/rooms/44735165?adults=1&check_in=2020-12-30&check_out=2020-12-31&previous_page_section_name=1000&federated_search_id=f58e730e-dc66-48e9-8600-a260fd2b4826, (12),Previous price:$48Discounted price:$43 / night,Private room in XVII Arrondissement,4.92,1 guest · 1 bedroom · 1 bed · 1 shared bath
4,400 mètres de Paris ! Chambre dans petit immeuble - null - Levallois-Perret,http://airbnb.com/rooms/39858802?adults=1&check_in=2020-12-30&check_out=2020-12-31&previous_page_section_name=1000&federated_search_id=f58e730e-dc66-48e9-8600-a260fd2b4826, (49),Price:$51 / night,Private room in XVII Arrondissement,4.94,1 guest · 1 bedroom · 1 bed · 1 shared bath
5,Très petite chambre - null - Paris,http://airbnb.com/rooms/39461248?adults=1&check_in=2020-12-30&check_out=2020-12-31&previous_page_section_name=1000&federated_search_id=f58e730e-dc66-48e9-8600-a260fd2b4826, (61),Price:$68 / night,Private room in XII Arrondissement,4.51,1 guest · Studio · 1 bed · 1 bath
6,Joli studio atypique tout confort dans jardin - null - Aulnay-sous-Bois,http://airbnb.com/rooms/11922717?adults=1&check_in=2020-12-30&check_out=2020-12-31&previous_page_section_name=1000&federated_search_id=f58e730e-dc66-48e9-8600-a260fd2b4826, (227),Price:$64 / night,Entire chalet in Aulnay-sous-Bois,4.90,2 guests · Studio · 1 bed · 1 bath
7,Chbre proximité Paris/CDG/ Parc Expo + TRANSFER - null - Aulnay-sous-Bois,http://airbnb.com/rooms/34414400?adults=1&check_in=2020-12-30&check_out=2020-12-31&previous_page_section_name=1000&federated_search_id=f58e730e-dc66-48e9-8600-a260fd2b4826, (126),Price:$39 / night,Private room in Aulnay-sous-Bois,4.76,1 guest · 1 bedroom · 1 bed · 1 shared bath
8,Champs Elysées - Ponthieu 61: cosy apt for 4 - null - Paris,http://airbnb.com/rooms/46789810?adults=1&check_in=2020-12-30&check_out=2020-12-31&previous_page_section_name=1000&federated_search_id=f58e730e-dc66-48e9-8600-a260fd2b4826,pas de commentaire,Price:$113 / night,Entire apartment in VIII Arrondissement,pas d'évaluation,4 guests · 1 bedroom · 2 beds · 1 bath
9,小巴黎中国城 Cozy AsianTown in Paris - null - Paris,http://airbnb.com/rooms/42634465?adults=1&check_in=2020-12-30&check_out=2020-12-31&previous_page_section_name=1000&federated_search_id=f58e730e-dc66-48e9-8600-a260fd2b4826, (26),Price:$52 / night,Private room in XIII Arrondissement,4.96,1 guest · 1 bedroom · 1 bed · 1.5 shared baths
10,Canal Saint Martin / Paris hôtel - null - Paris,http://airbnb.com/rooms/46846184?adults=1&check_in=2020-12-30&check_out=2020-12-31&previous_page_section_name=1000&federated_search_id=f58e730e-dc66-48e9-8600-a260fd2b4826,pas de commentaire,Price:$81 / night,Entire serviced apartment in X Arrondissement,pas d'évaluation,2 guests · Studio · 1 bed · 1 bath
11,Un canapé-lit au sud de Paris (1 personne) - null - Montrouge,http://airbnb.com/rooms/3127367?adults=1&check_in=2020-12-30&check_out=2020-12-31&previous_page_section_name=1000&federated_search_id=f58e730e-dc66-48e9-8600-a260fd2b4826, (314),Price:$28 / night,Shared room in XIV Arrondissement,4.74,1 guest · 1 bedroom · 1 bed · 1 shared bath
12,Tour Eiffel -rue Saint-Charles - null - Paris,http://airbnb.com/rooms/46849602?adults=1&check_in=2020-12-30&check_out=2020-12-31&previous_page_section_name=1000&federated_search_id=f58e730e-dc66-48e9-8600-a260fd2b4826,pas de commentaire,Price:$59 / night,Private room in Commerce - Dupleix,pas d'évaluation,2 guests · 2 bedrooms · 4 beds · 1 shared bath
13,CHAMBRE PRIVÉE DANS APPARTEMENT EN COLOCATION - null - Paris,http://airbnb.com/rooms/46539146?adults=1&check_in=2020-12-30&check_out=2020-12-31&previous_page_section_name=1000&federated_search_id=f58e730e-dc66-48e9-8600-a260fd2b4826, (3),Price:$59 / night,Private room in X Arrondissement,4.67,2 guests · 1 bedroom · 1 bed · 1.5 baths
14,Chambre Simple - null - Paris,http://airbnb.com/rooms/35178217?adults=1&check_in=2020-12-30&check_out=2020-12-31&previous_page_section_name=1000&federated_search_id=f58e730e-dc66-48e9-8600-a260fd2b4826, (175),Price:$78 / night,Hotel room in XVII Arrondissement,4.45,1 guest · 1 bedroom · 1 bed · 1 bath
15,"""Amsterdam"" design room free access to SPA&Garden - null - Clichy",http://airbnb.com/rooms/3085383?adults=1&check_in=2020-12-30&check_out=2020-12-31&previous_page_section_name=1000&federated_search_id=f58e730e-dc66-48e9-8600-a260fd2b4826, (227),Price:$105 / night,Room in boutique hotel in XVII Arrondissement,4.48,2 guests · 1 bedroom · 1 bed · 1 private bath
16,Chambre dans un très bel appartement lumineux - null - Massy,http://airbnb.com/rooms/46127816?adults=1&check_in=2020-12-30&check_out=2020-12-31&previous_page_section_name=1000&federated_search_id=f58e730e-dc66-48e9-8600-a260fd2b4826, (10),Price:$35 / night,Private room in Massy,4.70,2 guests · 1 bedroom · 1 bed · 1 shared bath
17,"Appartement neuf et moderne, proche la Défense - null - Nanterre",http://airbnb.com/rooms/46764895?adults=1&check_in=2020-12-30&check_out=2020-12-31&previous_page_section_name=1000&federated_search_id=f58e730e-dc66-48e9-8600-a260fd2b4826,pas de commentaire,Price:$41 / night,Private room in Nanterre,pas d'évaluation,2 guests · 1 bedroom · 1 bed · 1 shared bath
18,Louvre - Etienne Marcel 301: cosy flat for 2 - null - Paris,http://airbnb.com/rooms/46785554?adults=1&check_in=2020-12-30&check_out=2020-12-31&previous_page_section_name=1000&federated_search_id=f58e730e-dc66-48e9-8600-a260fd2b4826,pas de commentaire,Price:$123 / night,Entire apartment in II Arrondissement,pas d'évaluation,2 guests · Studio · 1 bed · 1 bath
19,Appartement style 1900 et lisière bois Vincennes - null - Saint-Maurice,http://airbnb.com/rooms/43782373?adults=1&check_in=2020-12-30&check_out=2020-12-31&previous_page_section_name=1000&federated_search_id=f58e730e-dc66-48e9-8600-a260fd2b4826, (16),Price:$30 / night,Private room in Saint-Maurice,4.31,1 guest · 1 bedroom · 1 bed · 1 private bath
1,Chambre Double - La Villette - null - Paris,http://airbnb.com/rooms/45763227?adults=1&check_in=2020-12-30&check_out=2020-12-31&previous_page_section_name=1000&federated_search_id=9a17284e-029a-4c8b-ab44-1ea0f1b4dc19, (12),Price:$57 / night,Hotel room in XIX Arrondissement,3.25,2 guests · 1 bedroom · 1 bed · 1 private bath
2,Chambre en plein cœur de paris - null - Paris,http://airbnb.com/rooms/43969632?adults=1&check_in=2020-12-30&check_out=2020-12-31&previous_page_section_name=1000&federated_search_id=9a17284e-029a-4c8b-ab44-1ea0f1b4dc19, (51),Price:$67 / night,Private room in X Arrondissement,4.73,2 guests · 1 bedroom · 1 bed · 1 shared bath
3,CHAMBRE PRIVÉE DANS APPARTEMENT EN COLOCATION - null - Paris,http://airbnb.com/rooms/46539146?adults=1&check_in=2020-12-30&check_out=2020-12-31&previous_page_section_name=1000&federated_search_id=9a17284e-029a-4c8b-ab44-1ea0f1b4dc19, (3),Price:$59 / night,Private room in X Arrondissement,4.67,2 guests · 1 bedroom · 1 bed · 1.5 baths
4,Single cosy bedroom inside Paris - null - Paris,http://airbnb.com/rooms/44735165?adults=1&check_in=2020-12-30&check_out=2020-12-31&previous_page_section_name=1000&federated_search_id=9a17284e-029a-4c8b-ab44-1ea0f1b4dc19, (12),Previous price:$48Discounted price:$43 / night,Private room in XVII Arrondissement,4.92,1 guest · 1 bedroom · 1 bed · 1 shared bath
5,""" Parisien Male Dorm Shared Room - Metro 5 "" - null - Bobigny",http://airbnb.com/rooms/46833581?adults=1&check_in=2020-12-30&check_out=2020-12-31&previous_page_section_name=1000&federated_search_id=9a17284e-029a-4c8b-ab44-1ea0f1b4dc19,pas de commentaire,Price:$13 / night,Shared room in Bobigny,pas d'évaluation,1 guest · 1 bedroom · 0 beds · 1.5 shared baths
6,"Appartement neuf et moderne, proche la Défense - null - Nanterre",http://airbnb.com/rooms/46764895?adults=1&check_in=2020-12-30&check_out=2020-12-31&previous_page_section_name=1000&federated_search_id=9a17284e-029a-4c8b-ab44-1ea0f1b4dc19,pas de commentaire,Price:$41 / night,Private room in Nanterre,pas d'évaluation,2 guests · 1 bedroom · 1 bed · 1 shared bath
7,Chbre proximité Paris/CDG/ Parc Expo + TRANSFER - null - Aulnay-sous-Bois,http://airbnb.com/rooms/34414400?adults=1&check_in=2020-12-30&check_out=2020-12-31&previous_page_section_name=1000&federated_search_id=9a17284e-029a-4c8b-ab44-1ea0f1b4dc19, (126),Price:$39 / night,Private room in Aulnay-sous-Bois,4.76,1 guest · 1 bedroom · 1 bed · 1 shared bath
8,Bed in 4 bed Dormitory - Smart Place Gare du Nord - null - Paris,http://airbnb.com/rooms/26152038?adults=1&check_in=2020-12-30&check_out=2020-12-31&previous_page_section_name=1000&federated_search_id=9a17284e-029a-4c8b-ab44-1ea0f1b4dc19, (364),Price:$37 / night,Hotel room in X Arrondissement,4.39,1 guest · 1 bedroom · 8 beds · 1 bath
9,"Ideal pour une nuit, petit cocon tres calme - null - Argenteuil",http://airbnb.com/rooms/41036417?adults=1&check_in=2020-12-30&check_out=2020-12-31&previous_page_section_name=1000&federated_search_id=9a17284e-029a-4c8b-ab44-1ea0f1b4dc19, (30),Price:$24 / night,Private room in Argenteuil,4.13,1 guest · 1 bedroom · 1 bed · 1 shared bath
10,PARIS 1 - LOUVRE - PLACE VENDOME - CHIC & ELEGANT - null - Paris,http://airbnb.com/rooms/40722596?adults=1&check_in=2020-12-30&check_out=2020-12-31&previous_page_section_name=1000&federated_search_id=9a17284e-029a-4c8b-ab44-1ea0f1b4dc19, (16),Price:$251 / night,Entire apartment in I Arrondissement,4.50,5 guests · 1 bedroom · 2 beds · 1 bath
11,"Chambre Gare de Lyon,privée, chez l'habitant - null - Paris",http://airbnb.com/rooms/10293346?adults=1&check_in=2020-12-30&check_out=2020-12-31&previous_page_section_name=1000&federated_search_id=9a17284e-029a-4c8b-ab44-1ea0f1b4dc19, (286),Price:$68 / night,Private room in XII Arrondissement,4.70,2 guests · 1 bedroom · 1 bed · 1 shared bath
12,Chambre romantique avec SAUNA et JACCUZI privatif - null - Gagny,http://airbnb.com/rooms/35554800?adults=1&check_in=2020-12-30&check_out=2020-12-31&previous_page_section_name=1000&federated_search_id=9a17284e-029a-4c8b-ab44-1ea0f1b4dc19, (138),Price:$127 / night,Private room in Gagny,4.61,2 guests · 1 bedroom · 1 bed · 1 private bath
13,Romantic Gem a long the Seine River / Eiffel Tower - null - Paris,http://airbnb.com/rooms/46172752?adults=1&check_in=2020-12-30&check_out=2020-12-31&previous_page_section_name=1000&federated_search_id=9a17284e-029a-4c8b-ab44-1ea0f1b4dc19,pas de commentaire,Price:$230 / night,Entire apartment in XVI Arrondissement,pas d'évaluation,2 guests · Studio · 1 bed · 1 bath
14,"Lovely Appart near Paris, 15 mins to city center - null - Levallois-Perret",http://airbnb.com/rooms/38778747?adults=1&check_in=2020-12-30&check_out=2020-12-31&previous_page_section_name=1000&federated_search_id=9a17284e-029a-4c8b-ab44-1ea0f1b4dc19, (97),Price:$86 / night,Entire apartment in Levallois-Perret,4.89,2 guests · 1 bedroom · 1 bed · 1.5 baths
15,Appartement style 1900 et lisière bois Vincennes - null - Saint-Maurice,http://airbnb.com/rooms/43782373?adults=1&check_in=2020-12-30&check_out=2020-12-31&previous_page_section_name=1000&federated_search_id=9a17284e-029a-4c8b-ab44-1ea0f1b4dc19, (16),Price:$30 / night,Private room in Saint-Maurice,4.31,1 guest · 1 bedroom · 1 bed · 1 private bath
16,Appartement 45 m2 avec projecteur et terrasse - null - Montreuil,http://airbnb.com/rooms/46486546?adults=1&check_in=2020-12-30&check_out=2020-12-31&previous_page_section_name=1000&federated_search_id=9a17284e-029a-4c8b-ab44-1ea0f1b4dc19, (3),Price:$109 / night,Entire condominium in Montreuil,5.0,2 guests · 1 bedroom · 1 bed · 1 bath
17,"Studio accessible,  lumineux et confortable - null - Paris",http://airbnb.com/rooms/42575980?adults=1&check_in=2020-12-30&check_out=2020-12-31&previous_page_section_name=1000&federated_search_id=9a17284e-029a-4c8b-ab44-1ea0f1b4dc19, (24),Price:$95 / night,Entire apartment in XIII Arrondissement,4.92,4 guests · Studio · 2 beds · 1 bath
18,"Dolce vita ""Milan"" room, free spa - null - Clichy",http://airbnb.com/rooms/19130545?adults=1&check_in=2020-12-30&check_out=2020-12-31&previous_page_section_name=1000&federated_search_id=9a17284e-029a-4c8b-ab44-1ea0f1b4dc19, (110),Price:$105 / night,Room in boutique hotel in XVII Arrondissement,4.65,2 guests · 1 bedroom · 1 bed · 1 private bath
19,Entire accomodation 30m² near Paris La Défense - null - Nanterre,http://airbnb.com/rooms/44315004?adults=1&check_in=2020-12-30&check_out=2020-12-31&previous_page_section_name=1000&federated_search_id=9a17284e-029a-4c8b-ab44-1ea0f1b4dc19, (17),Price:$100 / night,Entire apartment in Nanterre,5.0,3 guests · 1 bedroom · 2 beds · 1 bath
1,Très bel appartement proche Paris centre - null - Paris,http://airbnb.com/rooms/44673333?adults=1&check_in=2020-12-30&check_out=2020-12-31&previous_page_section_name=1000&federated_search_id=b3863f52-ab4f-452c-9cf5-6954225175b9,pas de commentaire,Price:$59 / night,Shared room in XIII Arrondissement,pas d'évaluation,1 guest · 1 bedroom · 2 beds · 1 shared bath
2,Superbe appartement 2P with Jacuzzi - Opéra - 41 - null - Paris,http://airbnb.com/rooms/46506547?adults=1&check_in=2020-12-30&check_out=2020-12-31&previous_page_section_name=1000&federated_search_id=b3863f52-ab4f-452c-9cf5-6954225175b9,pas de commentaire,Price:$256 / night,Entire apartment in II Arrondissement,pas d'évaluation,2 guests · Studio · 1 bed · 1 bath
3,Chambre Double - La Villette - null - Paris,http://airbnb.com/rooms/45763227?adults=1&check_in=2020-12-30&check_out=2020-12-31&previous_page_section_name=1000&federated_search_id=b3863f52-ab4f-452c-9cf5-6954225175b9, (12),Price:$57 / night,Hotel room in XIX Arrondissement,3.25,2 guests · 1 bedroom · 1 bed · 1 private bath
4,chambre Supérieure - null - Paris,http://airbnb.com/rooms/27538960?adults=1&check_in=2020-12-30&check_out=2020-12-31&previous_page_section_name=1000&federated_search_id=b3863f52-ab4f-452c-9cf5-6954225175b9, (21),Previous price:$196Discounted price:$172 / night,Hotel room in Quartier Latin,4.71,2 guests · 1 bedroom · 1 bed · 1 bath
5,"Dolce vita ""Milan"" room, free spa - null - Clichy",http://airbnb.com/rooms/19130545?adults=1&check_in=2020-12-30&check_out=2020-12-31&previous_page_section_name=1000&federated_search_id=b3863f52-ab4f-452c-9cf5-6954225175b9, (110),Price:$105 / night,Room in boutique hotel in XVII Arrondissement,4.65,2 guests · 1 bedroom · 1 bed · 1 private bath
6,Renovated Parisian flat Next to central stations - null - Paris,http://airbnb.com/rooms/35835754?adults=1&check_in=2020-12-30&check_out=2020-12-31&previous_page_section_name=1000&federated_search_id=b3863f52-ab4f-452c-9cf5-6954225175b9, (80),Price:$130 / night,Entire apartment in X Arrondissement,4.88,2 guests · 1 bedroom · 1 bed · 1 bath
7,Louvre - saint-honoré: cosy apartment for 4 - null - Paris,http://airbnb.com/rooms/46784273?adults=1&check_in=2020-12-30&check_out=2020-12-31&previous_page_section_name=1000&federated_search_id=b3863f52-ab4f-452c-9cf5-6954225175b9,pas de commentaire,Price:$113 / night,Entire apartment in I Arrondissement,pas d'évaluation,4 guests · 1 bedroom · 2 beds · 1 bath
8,Studio à partager dans le 8ème arrondissement - null - Paris,http://airbnb.com/rooms/44179406?adults=1&check_in=2020-12-30&check_out=2020-12-31&previous_page_section_name=1000&federated_search_id=b3863f52-ab4f-452c-9cf5-6954225175b9, (13),Price:$23 / night,Shared room in VIII Arrondissement,4.85,1 guest · 1 bedroom · 1 bed · 1 shared bath
9,Charmant studio proche de Paris et des transports. - null - Ivry-sur-Seine,http://airbnb.com/rooms/11983634?adults=1&check_in=2020-12-30&check_out=2020-12-31&previous_page_section_name=1000&federated_search_id=b3863f52-ab4f-452c-9cf5-6954225175b9, (95),Price:$71 / night,Entire apartment in XIII Arrondissement,4.60,2 guests · Studio · 1 bed · 1 bath
10,Entire accomodation 30m² near Paris La Défense - null - Nanterre,http://airbnb.com/rooms/44315004?adults=1&check_in=2020-12-30&check_out=2020-12-31&previous_page_section_name=1000&federated_search_id=b3863f52-ab4f-452c-9cf5-6954225175b9, (17),Price:$100 / night,Entire apartment in Nanterre,5.0,3 guests · 1 bedroom · 2 beds · 1 bath
11,Nice Bedroom is Paris' 15th Arrondissement - null - Paris,http://airbnb.com/rooms/15488105?adults=1&check_in=2020-12-30&check_out=2020-12-31&previous_page_section_name=1000&federated_search_id=b3863f52-ab4f-452c-9cf5-6954225175b9, (343),Price:$57 / night,Private room in Porte de Versailles,4.46,2 guests · 1 bedroom · 1 bed · 1 shared bath
12,Studio proche CDG étoile et Champ des Élysée - null - Paris,http://airbnb.com/rooms/46744266?adults=1&check_in=2020-12-30&check_out=2020-12-31&previous_page_section_name=1000&federated_search_id=b3863f52-ab4f-452c-9cf5-6954225175b9,pas de commentaire,Price:$59 / night,Entire apartment in XVI Arrondissement,pas d'évaluation,2 guests · Studio · 1 bed · 1 bath
13,Nice flat in the near suburbs of Paris (Arcueil) - null - Arcueil,http://airbnb.com/rooms/23547316?adults=1&check_in=2020-12-30&check_out=2020-12-31&previous_page_section_name=1000&federated_search_id=b3863f52-ab4f-452c-9cf5-6954225175b9, (149),Price:$65 / night,Private room in Alésia,4.97,2 guests · 1 bedroom · 1 bed · 1 shared bath
14,Great place-Louvre - null - Paris,http://airbnb.com/rooms/20954568?adults=1&check_in=2020-12-30&check_out=2020-12-31&previous_page_section_name=1000&federated_search_id=b3863f52-ab4f-452c-9cf5-6954225175b9, (272),Price:$143 / night,Entire apartment in I Arrondissement,4.86,2 guests · Studio · 1 bed · 1 bath
15,Charmante Chambre plein coeur Paris 13ème arrondi. - null - Paris,http://airbnb.com/rooms/42886825?adults=1&check_in=2020-12-30&check_out=2020-12-31&previous_page_section_name=1000&federated_search_id=b3863f52-ab4f-452c-9cf5-6954225175b9, (34),Price:$51 / night,Private room in XIII Arrondissement,4.65,2 guests · 1 bedroom · 1 bed · 1 shared bath
16,"Bedroom, Arts et Métiers  in the Marais - null - Paris",http://airbnb.com/rooms/16419973?adults=1&check_in=2020-12-30&check_out=2020-12-31&previous_page_section_name=1000&federated_search_id=b3863f52-ab4f-452c-9cf5-6954225175b9, (203),Price:$59 / night,Private room in République,4.87,2 guests · 1 bedroom · 1 bed · 1.5 shared baths
17,43m2 New decored apt SAINT PAUL Le Marais center - null - Paris,http://airbnb.com/rooms/44392014?adults=1&check_in=2020-12-30&check_out=2020-12-31&previous_page_section_name=1000&federated_search_id=b3863f52-ab4f-452c-9cf5-6954225175b9, (22),Price:$166 / night,Entire apartment in IV Arrondissement,4.77,2 guests · 1 bedroom · 1 bed · 1.5 baths
18,Bedroom in a flat - null - Paris,http://airbnb.com/rooms/1399802?adults=1&check_in=2020-12-30&check_out=2020-12-31&previous_page_section_name=1000&federated_search_id=b3863f52-ab4f-452c-9cf5-6954225175b9, (243),Previous price:$57Discounted price:$45 / night,Private room in XVIII Arrondissement,4.76,3 guests · 1 bedroom · 1 bed · 1 shared bath
19,Appartement cosy au coeur de Paris - null - Paris,http://airbnb.com/rooms/29587429?adults=1&check_in=2020-12-30&check_out=2020-12-31&previous_page_section_name=1000&federated_search_id=b3863f52-ab4f-452c-9cf5-6954225175b9, (71),Price:$118 / night,Entire apartment in X Arrondissement,4.72,2 guests · 1 bedroom · 1 bed · 1 bath
1,Appartement romantique au cœur du quartier latin - null - Paris,http://airbnb.com/rooms/plus/13460398?adults=1&check_in=2020-12-30&check_out=2020-12-31&previous_page_section_name=1000&federated_search_id=74d2d30f-6370-4a33-89e8-fe68046162e5, (161),Price:$328 / night,Entire apartment in Quartier Latin,4.90,5 guests · 1 bedroom · 2 beds · 1 bath
2,Un moment de détente - null - Bagnolet,http://airbnb.com/rooms/45702871?adults=1&check_in=2020-12-30&check_out=2020-12-31&previous_page_section_name=1000&federated_search_id=74d2d30f-6370-4a33-89e8-fe68046162e5, (5),Price:$166 / night,Entire apartment in XX Arrondissement,3.60,2 guests · Studio · 1 bed · 1 bath
3,chambre calme maison examen Laplace - null - Arcueil,http://airbnb.com/rooms/8351562?adults=1&check_in=2020-12-30&check_out=2020-12-31&previous_page_section_name=1000&federated_search_id=74d2d30f-6370-4a33-89e8-fe68046162e5, (300),Price:$57 / night,Private room in XIV Arrondissement,4.69,2 guests · 1 bedroom · 1 bed · 1 shared bath
4,"Nordic Design Suite, w/ private terrace - null - Paris",http://airbnb.com/rooms/23575562?adults=1&check_in=2020-12-30&check_out=2020-12-31&previous_page_section_name=1000&federated_search_id=74d2d30f-6370-4a33-89e8-fe68046162e5, (5),Price:$328 / night,Hotel room in XVIII Arrondissement,4.60,2 guests · 1 bedroom · 1 bed · 1 bath
5,Beautiful flat on Rivoli street - Professional Cleaning - null - Paris,http://airbnb.com/rooms/37378278?adults=1&check_in=2020-12-30&check_out=2020-12-31&previous_page_section_name=1000&federated_search_id=74d2d30f-6370-4a33-89e8-fe68046162e5, (17),Price:$193 / night,Entire apartment in IV Arrondissement,4.73,2 guests · 1 bedroom · 1 bed · 1 bath
6,Hotel rooms heart of Saint-Germain des Prés Odeon - null - Paris,http://airbnb.com/rooms/20433587?adults=1&check_in=2020-12-30&check_out=2020-12-31&previous_page_section_name=1000&federated_search_id=74d2d30f-6370-4a33-89e8-fe68046162e5, (142),Price:$112 / night,Room in boutique hotel in Saint-Germain-des-Prés - Odéon,4.48,16 guests · 50 bedrooms · 77 beds · 50 baths
7,Studio à partager dans le 8ème arrondissement - null - Paris,http://airbnb.com/rooms/44179406?adults=1&check_in=2020-12-30&check_out=2020-12-31&previous_page_section_name=1000&federated_search_id=74d2d30f-6370-4a33-89e8-fe68046162e5, (13),Price:$23 / night,Shared room in VIII Arrondissement,4.85,1 guest · 1 bedroom · 1 bed · 1 shared bath
8,Charm in Heart of Paris Vaugirard - null - Paris,http://airbnb.com/rooms/9825542?adults=1&check_in=2020-12-30&check_out=2020-12-31&previous_page_section_name=1000&federated_search_id=74d2d30f-6370-4a33-89e8-fe68046162e5, (364),Price:$95 / night,Entire apartment in Vaugirard,4.37,6 guests · 1 bedroom · 4 beds · 1 bath
9,Appartement de charme en plein centre ville - null - Villeneuve-Saint-Georges,http://airbnb.com/rooms/46855895?adults=1&check_in=2020-12-30&check_out=2020-12-31&previous_page_section_name=1000&federated_search_id=74d2d30f-6370-4a33-89e8-fe68046162e5,pas de commentaire,Price:$91 / night,Entire apartment in Villeneuve-Saint-Georges,pas d'évaluation,4 guests · 1 bedroom · 1 bed · 1 bath
10,Elegant & Stylish Room near Trocadero - null - Paris,http://airbnb.com/rooms/28422028?adults=1&check_in=2020-12-30&check_out=2020-12-31&previous_page_section_name=1000&federated_search_id=74d2d30f-6370-4a33-89e8-fe68046162e5, (4),Price:$209 / night,Hotel room in XVI Arrondissement,4.50,2 guests · 1 bedroom · 1 bed · 1 bath
11,At Orly Paris city center Duplex private sauna - null - Orly,http://airbnb.com/rooms/45453665?adults=1&check_in=2020-12-30&check_out=2020-12-31&previous_page_section_name=1000&federated_search_id=74d2d30f-6370-4a33-89e8-fe68046162e5, (11),Price:$172 / night,Entire apartment in Orly,4.73,4 guests · 1 bedroom · 2 beds · 1 bath
12,Studio à Trocadéro avec Balcon Vue Tour Eiffel - null - Paris,http://airbnb.com/rooms/45679562?adults=1&check_in=2020-12-30&check_out=2020-12-31&previous_page_section_name=1000&federated_search_id=74d2d30f-6370-4a33-89e8-fe68046162e5, (11),Price:$95 / night,Entire apartment in XVI Arrondissement,3.27,2 guests · Studio · 1 bed · 1 bath
13,chambre Supérieure - null - Paris,http://airbnb.com/rooms/27538960?adults=1&check_in=2020-12-30&check_out=2020-12-31&previous_page_section_name=1000&federated_search_id=74d2d30f-6370-4a33-89e8-fe68046162e5, (21),Previous price:$196Discounted price:$172 / night,Hotel room in Quartier Latin,4.71,2 guests · 1 bedroom · 1 bed · 1 bath
14,Défense Arena only 8 min walk - Paris 2 stations - null - Nanterre,http://airbnb.com/rooms/36216701?adults=1&check_in=2020-12-30&check_out=2020-12-31&previous_page_section_name=1000&federated_search_id=74d2d30f-6370-4a33-89e8-fe68046162e5, (28),Price:$43 / night,Private room in Nanterre,4.93,2 guests · 1 bedroom · 1 bed · 1 shared bath
15,Friendliness & BB in the center of Paris - null - Paris,http://airbnb.com/rooms/27004700?adults=1&check_in=2020-12-30&check_out=2020-12-31&previous_page_section_name=1000&federated_search_id=74d2d30f-6370-4a33-89e8-fe68046162e5, (189),Price:$164 / night,Hotel room in Invalides - Ecole Militaire,4.86,2 guests · 1 bedroom · 1 bed · 1 bath
16,"Lovely room , wonderful place , heart of Paris - null - Paris",http://airbnb.com/rooms/46644606?adults=1&check_in=2020-12-30&check_out=2020-12-31&previous_page_section_name=1000&federated_search_id=74d2d30f-6370-4a33-89e8-fe68046162e5,pas de commentaire,Price:$94 / night,Private room in Montparnasse,pas d'évaluation,2 guests · 1 bedroom · 1 bed · 1 shared bath
17,A vous voir - null - Choisy-le-Roi,http://airbnb.com/rooms/46596999?adults=1&check_in=2020-12-30&check_out=2020-12-31&previous_page_section_name=1000&federated_search_id=74d2d30f-6370-4a33-89e8-fe68046162e5, (3),Price:$26 / night,Private room in Choisy-le-Roi,4.67,2 guests · 1 bedroom · 1 bed · 1 private bath
18,Rooms heart of Saint-Germain des Prés Paris - null - Paris,http://airbnb.com/rooms/18766792?adults=1&check_in=2020-12-30&check_out=2020-12-31&previous_page_section_name=1000&federated_search_id=74d2d30f-6370-4a33-89e8-fe68046162e5, (216),Price:$112 / night,Room in boutique hotel in Saint-Germain-des-Prés - Odéon,4.51,16 guests · 50 bedrooms · 18 beds · 50 baths
19,Chambre dans une maison avec personne respectueuse - null - Houilles,http://airbnb.com/rooms/46818384?adults=1&check_in=2020-12-30&check_out=2020-12-31&previous_page_section_name=1000&federated_search_id=74d2d30f-6370-4a33-89e8-fe68046162e5,pas de commentaire,Price:$36 / night,Shared room in Houilles,pas d'évaluation,1 guest · 1 bedroom · 1 bed · 1 shared bath
1,BIEVRES INDEPENDANT BnB 30 m2 - null - Bièvres,http://airbnb.com/rooms/848078?adults=1&check_in=2020-12-30&check_out=2020-12-31&previous_page_section_name=1000&federated_search_id=620f3f0a-efae-44ba-96ce-24514d2de555, (56),Price:$138 / night,Entire guesthouse in Bièvres,4.79,4 guests · 1 bedroom · 3 beds · 1 bath
2,"Luxe ! 2 pièces proche LaDéfense,Tour Eiffel 5km - null - Suresnes",http://airbnb.com/rooms/21004933?adults=1&check_in=2020-12-30&check_out=2020-12-31&previous_page_section_name=1000&federated_search_id=620f3f0a-efae-44ba-96ce-24514d2de555, (268),Price:$184 / night,Entire apartment in Suresnes,4.86,6 guests · 1 bedroom · 3 beds · 1.5 baths
3,Louvre - Etienne Marcel 202: cosy apt for 3 people - null - Paris,http://airbnb.com/rooms/19307362?adults=1&check_in=2020-12-30&check_out=2020-12-31&previous_page_section_name=1000&federated_search_id=620f3f0a-efae-44ba-96ce-24514d2de555, (21),Previous price:$138Discounted price:$113 / night,Entire apartment in I Arrondissement,3.89,3 guests · 1 bedroom · 1 bed · 1 bath
4,Atypique avec jardin privatif - Montparnasse - null - Paris,http://airbnb.com/rooms/28149166?adults=1&check_in=2020-12-30&check_out=2020-12-31&previous_page_section_name=1000&federated_search_id=620f3f0a-efae-44ba-96ce-24514d2de555,pas de commentaire,Price:$196 / night,Hotel room in XIV Arrondissement,pas d'évaluation,2 guests · 1 bedroom · 1 bath
5,"Bedroom, Arts et Métiers  in the Marais - null - Paris",http://airbnb.com/rooms/16419973?adults=1&check_in=2020-12-30&check_out=2020-12-31&previous_page_section_name=1000&federated_search_id=620f3f0a-efae-44ba-96ce-24514d2de555, (203),Price:$59 / night,Private room in République,4.87,2 guests · 1 bedroom · 1 bed · 1.5 shared baths
6,Santa Lucia - null - Argenteuil,http://airbnb.com/rooms/45315125?adults=1&check_in=2020-12-30&check_out=2020-12-31&previous_page_section_name=1000&federated_search_id=620f3f0a-efae-44ba-96ce-24514d2de555, (19),Price:$33 / night,Private room in Argenteuil,4.95,2 guests · 1 bedroom · 1 bed · 1 shared bath
7,Le rêve au calme à paris 16 ieme - null - Paris,http://airbnb.com/rooms/46848331?adults=1&check_in=2020-12-30&check_out=2020-12-31&previous_page_section_name=1000&federated_search_id=620f3f0a-efae-44ba-96ce-24514d2de555,pas de commentaire,Price:$107 / night,Entire apartment in XVI Arrondissement,pas d'évaluation,4 guests · 1 bedroom · 0 beds · 1 bath
8,小巴黎中国城 Cozy AsianTown in Paris - null - Paris,http://airbnb.com/rooms/42634465?adults=1&check_in=2020-12-30&check_out=2020-12-31&previous_page_section_name=1000&federated_search_id=620f3f0a-efae-44ba-96ce-24514d2de555, (26),Price:$52 / night,Private room in XIII Arrondissement,4.96,1 guest · 1 bedroom · 1 bed · 1.5 shared baths
9,Bel appartement cosy pour 2p - null - Paris,http://airbnb.com/rooms/46558570?adults=1&check_in=2020-12-30&check_out=2020-12-31&previous_page_section_name=1000&federated_search_id=620f3f0a-efae-44ba-96ce-24514d2de555,pas de commentaire,Price:$74 / night,Entire apartment in Nation,pas d'évaluation,2 guests · Studio · 1 bed · 1 bath
10,Appartement cosy au cœur de Saint-Germain-Des-Prés - null - Paris,http://airbnb.com/rooms/44023861?adults=1&check_in=2020-12-30&check_out=2020-12-31&previous_page_section_name=1000&federated_search_id=620f3f0a-efae-44ba-96ce-24514d2de555, (5),Price:$87 / night,Entire apartment in Saint-Germain-des-Prés - Odéon,4.40,2 guests · Studio · 1 bath
11,Bedroom in a flat - null - Paris,http://airbnb.com/rooms/1399802?adults=1&check_in=2020-12-30&check_out=2020-12-31&previous_page_section_name=1000&federated_search_id=620f3f0a-efae-44ba-96ce-24514d2de555, (243),Previous price:$57Discounted price:$45 / night,Private room in XVIII Arrondissement,4.76,3 guests · 1 bedroom · 1 bed · 1 shared bath
12,Opéra - Galeries Lafayette 32: cosy apt. for 2 - null - Paris,http://airbnb.com/rooms/46806708?adults=1&check_in=2020-12-30&check_out=2020-12-31&previous_page_section_name=1000&federated_search_id=620f3f0a-efae-44ba-96ce-24514d2de555,pas de commentaire,Price:$113 / night,Entire apartment in IX Arrondissement,pas d'évaluation,2 guests · Studio · 1 bed · 1 bath
13,"Double/Twin Room, close to Opera and the Louvre with breakfast included - null - Paris",http://airbnb.com/rooms/26244787?adults=1&check_in=2020-12-30&check_out=2020-12-31&previous_page_section_name=1000&federated_search_id=620f3f0a-efae-44ba-96ce-24514d2de555, (99),Price:$179 / night,Hotel room in II Arrondissement,4.88,2 guests · 1 bedroom · 1 bath
14,The WOW apartment / Eiffel Tower/ Trocadero - null - Paris,http://airbnb.com/rooms/46186888?adults=1&check_in=2020-12-30&check_out=2020-12-31&previous_page_section_name=1000&federated_search_id=620f3f0a-efae-44ba-96ce-24514d2de555,pas de commentaire,Price:$230 / night,Entire apartment in XVI Arrondissement,pas d'évaluation,2 guests · Studio · 1 bed · 1 bath
15,Cosy studio aux Portes de Paris - null - Les Lilas,http://airbnb.com/rooms/20228806?adults=1&check_in=2020-12-30&check_out=2020-12-31&previous_page_section_name=1000&federated_search_id=620f3f0a-efae-44ba-96ce-24514d2de555, (374),Price:$85 / night,Entire apartment in XX Arrondissement,4.71,2 guests · Studio · 1 bed · 1 bath
16,"La chambre supérieure, cosy et arty - null - Paris",http://airbnb.com/rooms/27623885?adults=1&check_in=2020-12-30&check_out=2020-12-31&previous_page_section_name=1000&federated_search_id=620f3f0a-efae-44ba-96ce-24514d2de555, (4),Previous price:$171Discounted price:$116 / night,Hotel room in Opéra - Grands Boulevards,5.0,2 guests · 1 bedroom · 1 bath
17,"""Le Coquet""-T1 21m2-Proche Paris Metro 7 - null - Aubervilliers",http://airbnb.com/rooms/45330863?adults=1&check_in=2020-12-30&check_out=2020-12-31&previous_page_section_name=1000&federated_search_id=620f3f0a-efae-44ba-96ce-24514d2de555, (22),Price:$94 / night,Entire apartment in Aubervilliers,4.73,2 guests · Studio · 1 bed · 1 bath
18,Un amour de moment - null - Bagnolet,http://airbnb.com/rooms/45879331?adults=1&check_in=2020-12-30&check_out=2020-12-31&previous_page_section_name=1000&federated_search_id=620f3f0a-efae-44ba-96ce-24514d2de555, (3),Price:$109 / night,Entire apartment in XX Arrondissement,4.67,2 guests · Studio · 1 bed · 1 bath
19,Beautiful & bright studio near MONTMARTRE - Professional Cleaning - null - Paris,http://airbnb.com/rooms/26769820?adults=1&check_in=2020-12-30&check_out=2020-12-31&previous_page_section_name=1000&federated_search_id=620f3f0a-efae-44ba-96ce-24514d2de555, (52),Price:$142 / night,Entire apartment in XVIII Arrondissement,4.43,2 guests · Studio · 1 bed · 1 bath
1,Superb Room for two - null - Paris,http://airbnb.com/rooms/35177054?adults=1&check_in=2020-12-30&check_out=2020-12-31&previous_page_section_name=1000&federated_search_id=dd2ac367-e30b-483b-81bb-7aad75562685, (236),Previous price:$146Discounted price:$127 / night,Hotel room in Commerce - Dupleix,4.77,2 guests · 1 bedroom · 1 bed · 1 bath
2,Appartement cosy au coeur de Paris - null - Paris,http://airbnb.com/rooms/29587429?adults=1&check_in=2020-12-30&check_out=2020-12-31&previous_page_section_name=1000&federated_search_id=dd2ac367-e30b-483b-81bb-7aad75562685, (71),Price:$118 / night,Entire apartment in X Arrondissement,4.72,2 guests · 1 bedroom · 1 bed · 1 bath
3,Bastille Paris Centre - null - Paris,http://airbnb.com/rooms/45102695?adults=1&check_in=2020-12-30&check_out=2020-12-31&previous_page_section_name=1000&federated_search_id=dd2ac367-e30b-483b-81bb-7aad75562685, (9),Price:$114 / night,Entire apartment in XI Arrondissement,4.44,4 guests · 1 bedroom · 1 bed · 1 bath
4,MAISON LE BAC Apt. 202A - null - Paris,http://airbnb.com/rooms/36887993?adults=1&check_in=2020-12-30&check_out=2020-12-31&previous_page_section_name=1000&federated_search_id=dd2ac367-e30b-483b-81bb-7aad75562685, (66),Previous price:$244Discounted price:$134 / night,Entire apartment in II Arrondissement,4.77,2 guests · Studio · 1 bed · 1 bath
5,Sumptuous house with patio  - Professional Cleaning - null - Paris,http://airbnb.com/rooms/36378670?adults=1&check_in=2020-12-30&check_out=2020-12-31&previous_page_section_name=1000&federated_search_id=dd2ac367-e30b-483b-81bb-7aad75562685, (40),Price:$450 / night,Entire apartment in XVII Arrondissement,4.85,5 guests · 4 bedrooms · 4 beds · 2 baths
6,Cupidon - null - Montrouge,http://airbnb.com/rooms/23117983?adults=1&check_in=2020-12-30&check_out=2020-12-31&previous_page_section_name=1000&federated_search_id=dd2ac367-e30b-483b-81bb-7aad75562685, (193),Price:$143 / night,Entire apartment in XIV Arrondissement,4.51,2 guests · Studio · 1 bed · 1 bath
7,Splendid Suite Terrace with a 360° view on Paris - null - Paris,http://airbnb.com/rooms/19322332?adults=1&check_in=2020-12-30&check_out=2020-12-31&previous_page_section_name=1000&federated_search_id=dd2ac367-e30b-483b-81bb-7aad75562685, (10),Price:$411 / night,Hotel room in XVII Arrondissement,4.78,4 guests · 1 bedroom · 2 beds · 1 bath
8,Très bel appartement proche Paris centre - null - Paris,http://airbnb.com/rooms/44673333?adults=1&check_in=2020-12-30&check_out=2020-12-31&previous_page_section_name=1000&federated_search_id=dd2ac367-e30b-483b-81bb-7aad75562685,pas de commentaire,Price:$59 / night,Shared room in XIII Arrondissement,pas d'évaluation,1 guest · 1 bedroom · 2 beds · 1 shared bath
9,Maison de poupée entourée de verdure. - null - Paris,http://airbnb.com/rooms/45107872?adults=1&check_in=2020-12-30&check_out=2020-12-31&previous_page_section_name=1000&federated_search_id=dd2ac367-e30b-483b-81bb-7aad75562685, (6),Price:$201 / night,Entire apartment in XIV Arrondissement,5.0,4 guests · 1 bedroom · 2 beds · 1 bath
10,Magnifique appartement - 7P -Place de l'Etoile - 2 - null - Paris,http://airbnb.com/rooms/45395117?adults=1&check_in=2020-12-30&check_out=2020-12-31&previous_page_section_name=1000&federated_search_id=dd2ac367-e30b-483b-81bb-7aad75562685, (11),Price:$402 / night,Entire apartment in VIII Arrondissement,4.91,7 guests · 2 bedrooms · 4 beds · 2 baths
11,Petit studio confortable dans jardin privé - null - Pantin,http://airbnb.com/rooms/22623288?adults=1&check_in=2020-12-30&check_out=2020-12-31&previous_page_section_name=1000&federated_search_id=dd2ac367-e30b-483b-81bb-7aad75562685, (209),Price:$48 / night,Entire condominium in Pantin,4.66,1 guest · 1 bedroom · 1 bed · 1 bath
12,Stade de France et proche du centre de Paris. - null - Saint-Denis,http://airbnb.com/rooms/19674511?adults=1&check_in=2020-12-30&check_out=2020-12-31&previous_page_section_name=1000&federated_search_id=dd2ac367-e30b-483b-81bb-7aad75562685, (170),Price:$74 / night,Entire apartment in Saint-Denis,4.51,4 guests · 1 bedroom · 2 beds · 1 bath
13,Vue sur Seine - null - Boulogne-Billancourt,http://airbnb.com/rooms/45114375?adults=1&check_in=2020-12-30&check_out=2020-12-31&previous_page_section_name=1000&federated_search_id=dd2ac367-e30b-483b-81bb-7aad75562685,pas de commentaire,Price:$138 / night,Private room in Boulogne-Billancourt,pas d'évaluation,2 guests · 1 bedroom · 1 bed · 1 shared bath
14,Paris Montparnasse - null - Paris,http://airbnb.com/rooms/19313662?adults=1&check_in=2020-12-30&check_out=2020-12-31&previous_page_section_name=1000&federated_search_id=dd2ac367-e30b-483b-81bb-7aad75562685, (96),Price:$78 / night,Entire apartment in XIV Arrondissement,4.23,3 guests · 1 bedroom · 2 beds · 1 bath
15,A Parisian journey should be unforgettable - null - Paris,http://airbnb.com/rooms/35187316?adults=1&check_in=2020-12-30&check_out=2020-12-31&previous_page_section_name=1000&federated_search_id=dd2ac367-e30b-483b-81bb-7aad75562685, (21),Previous price:$140Discounted price:$80 / night,Hotel room in Saint-Germain-des-Prés - Odéon,4.48,2 guests · 1 bedroom · 1 bed · 1 bath
16,Romantic room with a view on the Invalides - null - Paris,http://airbnb.com/rooms/29581287?adults=1&check_in=2020-12-30&check_out=2020-12-31&previous_page_section_name=1000&federated_search_id=dd2ac367-e30b-483b-81bb-7aad75562685, (190),Price:$146 / night,Hotel room in Tour Eiffel - Champ de Mars,4.70,2 guests · 1 bedroom · 1 bath
17,Chbre proche Paris CDG/Parc Expo + TRANSFER - null - Aulnay-sous-Bois,http://airbnb.com/rooms/33158854?adults=1&check_in=2020-12-30&check_out=2020-12-31&previous_page_section_name=1000&federated_search_id=dd2ac367-e30b-483b-81bb-7aad75562685, (142),Price:$36 / night,Private room in Aulnay-sous-Bois,4.82,1 guest · 1 bedroom · 1 bed · 1 shared bath
18,Saint Germain - Odeon Cosy flat - null - Paris,http://airbnb.com/rooms/21411312?adults=1&check_in=2020-12-30&check_out=2020-12-31&previous_page_section_name=1000&federated_search_id=dd2ac367-e30b-483b-81bb-7aad75562685, (301),Previous price:$140Discounted price:$130 / night,Entire apartment in Saint-Germain-des-Prés - Odéon,4.85,3 guests · Studio · 2 beds · 1.5 baths
19,"Lovely room , wonderful place , heart of Paris - null - Paris",http://airbnb.com/rooms/46644606?adults=1&check_in=2020-12-30&check_out=2020-12-31&previous_page_section_name=1000&federated_search_id=dd2ac367-e30b-483b-81bb-7aad75562685,pas de commentaire,Price:$94 / night,Private room in Montparnasse,pas d'évaluation,2 guests · 1 bedroom · 1 bed · 1 shared bath
1,Appartement cosy au coeur de Paris - null - Paris,http://airbnb.com/rooms/29587429?adults=1&check_in=2020-12-30&check_out=2020-12-31&previous_page_section_name=1000&federated_search_id=06cb009e-179d-4838-b004-3cae6bbf729d, (71),Price:$118 / night,Entire apartment in X Arrondissement,4.72,2 guests · 1 bedroom · 1 bed · 1 bath
2,MAISON 7 PERSONNES PROCHE PARIS - null - Saint-Denis,http://airbnb.com/rooms/34247559?adults=1&check_in=2020-12-30&check_out=2020-12-31&previous_page_section_name=1000&federated_search_id=06cb009e-179d-4838-b004-3cae6bbf729d, (107),Price:$215 / night,Entire house in Saint-Denis,4.76,7 guests · 2 bedrooms · 4 beds · 1 bath
3,Charming Parisian flat close to Opera Garnier 2/4P - null - Paris,http://airbnb.com/rooms/41009599?adults=1&check_in=2020-12-30&check_out=2020-12-31&previous_page_section_name=1000&federated_search_id=06cb009e-179d-4838-b004-3cae6bbf729d, (14),Price:$194 / night,Entire apartment in Paris,4.50,4 guests · 1 bedroom · 2 beds · 1 bath
4,Chambre Privé à 20min de Paris - null - Ermont,http://airbnb.com/rooms/45906781?adults=1&check_in=2020-12-30&check_out=2020-12-31&previous_page_section_name=1000&federated_search_id=06cb009e-179d-4838-b004-3cae6bbf729d, (9),Price:$28 / night,Private room in Ermont,4.78,1 guest · 1 bedroom · 1 bed · 1.5 shared baths
5,STUDIO 31 m² à 15 min de PARIS - null - Bagnolet,http://airbnb.com/rooms/6370193?adults=1&check_in=2020-12-30&check_out=2020-12-31&previous_page_section_name=1000&federated_search_id=06cb009e-179d-4838-b004-3cae6bbf729d, (170),Price:$86 / night,Entire apartment in Bagnolet,4.76,2 guests · Studio · 1 bed · 1 bath
6,Studio 34m² avec ascenseur Au calme Proche de tout - null - Villemomble,http://airbnb.com/rooms/44099256?adults=1&check_in=2020-12-30&check_out=2020-12-31&previous_page_section_name=1000&federated_search_id=06cb009e-179d-4838-b004-3cae6bbf729d, (43),Price:$92 / night,Entire apartment in Villemomble,4.77,2 guests · Studio · 1 bed · 1 bath
7,Studio à partager dans le 8ème arrondissement - null - Paris,http://airbnb.com/rooms/44179406?adults=1&check_in=2020-12-30&check_out=2020-12-31&previous_page_section_name=1000&federated_search_id=06cb009e-179d-4838-b004-3cae6bbf729d, (13),Price:$23 / night,Shared room in VIII Arrondissement,4.85,1 guest · 1 bedroom · 1 bed · 1 shared bath
8,Chambre Cosy - null - Maisons-Alfort,http://airbnb.com/rooms/36789274?adults=1&check_in=2020-12-30&check_out=2020-12-31&previous_page_section_name=1000&federated_search_id=06cb009e-179d-4838-b004-3cae6bbf729d, (75),Price:$35 / night,Private room in Maisons-Alfort,4.88,2 guests · 1 bedroom · 1 bed · 1 shared bath
9,Romantic Gem a long the Seine River / Eiffel Tower - null - Paris,http://airbnb.com/rooms/46172752?adults=1&check_in=2020-12-30&check_out=2020-12-31&previous_page_section_name=1000&federated_search_id=06cb009e-179d-4838-b004-3cae6bbf729d,pas de commentaire,Price:$230 / night,Entire apartment in XVI Arrondissement,pas d'évaluation,2 guests · Studio · 1 bed · 1 bath
10,Bedroom in a flat - null - Paris,http://airbnb.com/rooms/1399802?adults=1&check_in=2020-12-30&check_out=2020-12-31&previous_page_section_name=1000&federated_search_id=06cb009e-179d-4838-b004-3cae6bbf729d, (243),Previous price:$57Discounted price:$45 / night,Private room in XVIII Arrondissement,4.76,3 guests · 1 bedroom · 1 bed · 1 shared bath
11,Well located studio - null - Paris,http://airbnb.com/rooms/40467606?adults=1&check_in=2020-12-30&check_out=2020-12-31&previous_page_section_name=1000&federated_search_id=06cb009e-179d-4838-b004-3cae6bbf729d, (69),Price:$46 / night,Entire condominium in XVII Arrondissement,4.26,2 guests · Studio · 2 beds · 1 bath
12,Bel appartement lumineux avec balcon - 15ème - null - Paris,http://airbnb.com/rooms/45729890?adults=1&check_in=2020-12-30&check_out=2020-12-31&previous_page_section_name=1000&federated_search_id=06cb009e-179d-4838-b004-3cae6bbf729d,pas de commentaire,Price:$109 / night,Entire apartment in Porte de Versailles,pas d'évaluation,2 guests · 1 bedroom · 1 bed · 1 bath
13,Chambre Deluxe avec vue - null - Paris,http://airbnb.com/rooms/35242501?adults=1&check_in=2020-12-30&check_out=2020-12-31&previous_page_section_name=1000&federated_search_id=06cb009e-179d-4838-b004-3cae6bbf729d, (5),Price:$195 / night,Hotel room in Quartier Latin,4.40,2 guests · 1 bedroom · 1 bed · 1 bath
14,Charmant Studio aux portes de Paris - null - Les Lilas,http://airbnb.com/rooms/18481648?adults=1&check_in=2020-12-30&check_out=2020-12-31&previous_page_section_name=1000&federated_search_id=06cb009e-179d-4838-b004-3cae6bbf729d, (336),Price:$78 / night,Entire apartment in XX Arrondissement,4.78,2 guests · Studio · 1 bed · 1 bath
15,Bedroom with tv and garage -15 minutes from  Paris - null - Drancy,http://airbnb.com/rooms/36108803?adults=1&check_in=2020-12-30&check_out=2020-12-31&previous_page_section_name=1000&federated_search_id=06cb009e-179d-4838-b004-3cae6bbf729d, (10),Price:$35 / night,Private room in Drancy,5.0,1 guest · 1 bedroom · 1 bed · 1.5 shared baths
16,Studio neuf proche toutes commodités - null - Bagnolet,http://airbnb.com/rooms/40088885?adults=1&check_in=2020-12-30&check_out=2020-12-31&previous_page_section_name=1000&federated_search_id=06cb009e-179d-4838-b004-3cae6bbf729d, (74),Price:$102 / night,Entire apartment in Bagnolet,4.89,2 guests · 1 bedroom · 1 bed · 1 bath
17,Appartement cosy à Nogent/Marne entre Paris-Disney - null - Nogent-sur-Marne,http://airbnb.com/rooms/31385735?adults=1&check_in=2020-12-30&check_out=2020-12-31&previous_page_section_name=1000&federated_search_id=06cb009e-179d-4838-b004-3cae6bbf729d, (90),Price:$152 / night,Entire apartment in Nogent-sur-Marne,4.92,3 guests · 1 bedroom · 1 bed · 1 bath
18,Duplex au cœur de Levallois - null - Levallois-Perret,http://airbnb.com/rooms/46854861?adults=1&check_in=2020-12-30&check_out=2020-12-31&previous_page_section_name=1000&federated_search_id=06cb009e-179d-4838-b004-3cae6bbf729d,pas de commentaire,Price:$105 / night,Entire apartment in XVII Arrondissement,pas d'évaluation,2 guests · 1 bedroom · 1 bed · 1 bath
19,Charmante Chambre plein coeur Paris 13ème arrondi. - null - Paris,http://airbnb.com/rooms/42886825?adults=1&check_in=2020-12-30&check_out=2020-12-31&previous_page_section_name=1000&federated_search_id=06cb009e-179d-4838-b004-3cae6bbf729d, (34),Price:$51 / night,Private room in XIII Arrondissement,4.65,2 guests · 1 bedroom · 1 bed · 1 shared bath
1,Une  chambre Dan's une maison - null - Colombes,http://airbnb.com/rooms/46416961?adults=1&check_in=2020-12-30&check_out=2020-12-31&previous_page_section_name=1000&federated_search_id=fa31a62a-9cb5-4e10-a6f4-97e2235cf140,pas de commentaire,Price:$40 / night,Private room in Colombes,pas d'évaluation,2 guests · 1 bedroom · 0 beds · 1 shared bath
2,"Loft aux portes de Paris, en Bords de Marne... - null - Saint-Maur-des-Fossés",http://airbnb.com/rooms/44152136?adults=1&check_in=2020-12-30&check_out=2020-12-31&previous_page_section_name=1000&federated_search_id=fa31a62a-9cb5-4e10-a6f4-97e2235cf140, (11),Price:$111 / night,Tiny house in Saint-Maur-des-Fossés,4.91,3 guests · Studio · 2 beds · 1 bath
3,Stade de France et proche du centre de Paris. - null - Saint-Denis,http://airbnb.com/rooms/19674511?adults=1&check_in=2020-12-30&check_out=2020-12-31&previous_page_section_name=1000&federated_search_id=fa31a62a-9cb5-4e10-a6f4-97e2235cf140, (170),Price:$74 / night,Entire apartment in Saint-Denis,4.51,4 guests · 1 bedroom · 2 beds · 1 bath
4,Chambre en collocation Paris 12e - null - Paris,http://airbnb.com/rooms/46527609?adults=1&check_in=2020-12-30&check_out=2020-12-31&previous_page_section_name=1000&federated_search_id=fa31a62a-9cb5-4e10-a6f4-97e2235cf140,pas de commentaire,Price:$44 / night,Private room in XII Arrondissement,pas d'évaluation,1 guest · 1 bedroom · 1 bed · 3 shared baths
5,Appartement cosy au cœur de Saint-Germain-Des-Prés - null - Paris,http://airbnb.com/rooms/44023861?adults=1&check_in=2020-12-30&check_out=2020-12-31&previous_page_section_name=1000&federated_search_id=fa31a62a-9cb5-4e10-a6f4-97e2235cf140, (5),Price:$87 / night,Entire apartment in Saint-Germain-des-Prés - Odéon,4.40,2 guests · Studio · 1 bath
6,Chambre - null - Suresnes,http://airbnb.com/rooms/39795291?adults=1&check_in=2020-12-30&check_out=2020-12-31&previous_page_section_name=1000&federated_search_id=fa31a62a-9cb5-4e10-a6f4-97e2235cf140, (44),Price:$39 / night,Private room in Suresnes,4.91,2 guests · 1 bedroom · 1 bed · 1 shared bath
7,Studio neuf proche toutes commodités - null - Bagnolet,http://airbnb.com/rooms/40088885?adults=1&check_in=2020-12-30&check_out=2020-12-31&previous_page_section_name=1000&federated_search_id=fa31a62a-9cb5-4e10-a6f4-97e2235cf140, (74),Price:$102 / night,Entire apartment in Bagnolet,4.89,2 guests · 1 bedroom · 1 bed · 1 bath
8,Paris Bed and Breakfast tiny studio - null - Paris,http://airbnb.com/rooms/46169451?adults=1&check_in=2020-12-30&check_out=2020-12-31&previous_page_section_name=1000&federated_search_id=fa31a62a-9cb5-4e10-a6f4-97e2235cf140, (4),Price:$81 / night,Entire condominium in XVIII Arrondissement,4.75,1 guest · Studio · 0 beds · 1 bath
9,★ Superbe Chambre Triple supérieure - null - Paris,http://airbnb.com/rooms/45835683?adults=1&check_in=2020-12-30&check_out=2020-12-31&previous_page_section_name=1000&federated_search_id=fa31a62a-9cb5-4e10-a6f4-97e2235cf140,pas de commentaire,Price:$105 / night,Room in boutique hotel in X Arrondissement,pas d'évaluation,3 guests · 1 bedroom · 2 beds · 1 shared bath
10,Studiò en étage très élevé - null - Paris,http://airbnb.com/rooms/18174909?adults=1&check_in=2020-12-30&check_out=2020-12-31&previous_page_section_name=1000&federated_search_id=fa31a62a-9cb5-4e10-a6f4-97e2235cf140, (260),Price:$116 / night,Entire apartment in Commerce - Dupleix,4.93,4 guests · 1 bedroom · 2 beds · 1 bath
11,★ Superbe Chambre Double Supérieure - null - Paris,http://airbnb.com/rooms/45835598?adults=1&check_in=2020-12-30&check_out=2020-12-31&previous_page_section_name=1000&federated_search_id=fa31a62a-9cb5-4e10-a6f4-97e2235cf140,pas de commentaire,Price:$99 / night,Room in boutique hotel in X Arrondissement,pas d'évaluation,2 guests · 1 bedroom · 1 bed · 1 shared bath
12,Studio Cosy - null - Paris,http://airbnb.com/rooms/33997474?adults=1&check_in=2020-12-30&check_out=2020-12-31&previous_page_section_name=1000&federated_search_id=fa31a62a-9cb5-4e10-a6f4-97e2235cf140, (45),Price:$72 / night,Entire apartment in Commerce - Dupleix,4.70,1 guest · 1 bedroom · 1 bed · 1.5 baths
13,Bastille Paris Centre - null - Paris,http://airbnb.com/rooms/45102695?adults=1&check_in=2020-12-30&check_out=2020-12-31&previous_page_section_name=1000&federated_search_id=fa31a62a-9cb5-4e10-a6f4-97e2235cf140, (9),Price:$114 / night,Entire apartment in XI Arrondissement,4.44,4 guests · 1 bedroom · 1 bed · 1 bath
14,Beautiful & bright studio near MONTMARTRE - Professional Cleaning - null - Paris,http://airbnb.com/rooms/26769820?adults=1&check_in=2020-12-30&check_out=2020-12-31&previous_page_section_name=1000&federated_search_id=fa31a62a-9cb5-4e10-a6f4-97e2235cf140, (52),Price:$142 / night,Entire apartment in XVIII Arrondissement,4.43,2 guests · Studio · 1 bed · 1 bath
15,Petit loft zen et cosy avec terrasse bien décoré - null - Paris,http://airbnb.com/rooms/21851151?adults=1&check_in=2020-12-30&check_out=2020-12-31&previous_page_section_name=1000&federated_search_id=fa31a62a-9cb5-4e10-a6f4-97e2235cf140, (28),Price:$185 / night,Entire loft in XVI Arrondissement,4.82,2 guests · 1 bedroom · 0 beds · 1 bath
16,"""Le Coquet""-T1 21m2-Proche Paris Metro 7 - null - Aubervilliers",http://airbnb.com/rooms/45330863?adults=1&check_in=2020-12-30&check_out=2020-12-31&previous_page_section_name=1000&federated_search_id=fa31a62a-9cb5-4e10-a6f4-97e2235cf140, (22),Price:$94 / night,Entire apartment in Aubervilliers,4.73,2 guests · Studio · 1 bed · 1 bath
17,Charmant studio  avec vue sur le jardin - null - Noisy-le-Sec,http://airbnb.com/rooms/27280842?adults=1&check_in=2020-12-30&check_out=2020-12-31&previous_page_section_name=1000&federated_search_id=fa31a62a-9cb5-4e10-a6f4-97e2235cf140, (188),Price:$78 / night,Entire guesthouse in Noisy-le-Sec,4.78,2 guests · 1 bedroom · 2 beds · 1 bath
18,Comme si vous étiez chez vous ! - null - Paris,http://airbnb.com/rooms/46848470?adults=1&check_in=2020-12-30&check_out=2020-12-31&previous_page_section_name=1000&federated_search_id=fa31a62a-9cb5-4e10-a6f4-97e2235cf140,pas de commentaire,Price:$170 / night,Entire apartment in XVI Arrondissement,pas d'évaluation,4 guests · Studio · 1 bed · 1 bath
19,Romantic room with a view on the Invalides - null - Paris,http://airbnb.com/rooms/29581287?adults=1&check_in=2020-12-30&check_out=2020-12-31&previous_page_section_name=1000&federated_search_id=fa31a62a-9cb5-4e10-a6f4-97e2235cf140, (190),Price:$146 / night,Hotel room in Tour Eiffel - Champ de Mars,4.70,2 guests · 1 bedroom · 1 bath
1,♥️  Studio terrasse à 9 minutes du centre de Paris! - null - Saint-Denis,http://airbnb.com/rooms/30485598?adults=1&check_in=2020-12-30&check_out=2020-12-31&previous_page_section_name=1000&federated_search_id=35b44997-8859-4902-a119-7ceff3993cc0, (109),Price:$172 / night,Entire condominium in Saint-Denis,4.84,2 guests · Studio · 1 bed · 1 bath
2,Studio au Cœur de Paris - null - Paris,http://airbnb.com/rooms/43948160?adults=1&check_in=2020-12-30&check_out=2020-12-31&previous_page_section_name=1000&federated_search_id=35b44997-8859-4902-a119-7ceff3993cc0, (32),Price:$88 / night,Entire apartment in I Arrondissement,4.31,2 guests · Studio · 1 bed · 1 bath
3,NO Opéra - Folies Bergères : appt. cosy pour 4 - null - Paris,http://airbnb.com/rooms/46768111?adults=1&check_in=2020-12-30&check_out=2020-12-31&previous_page_section_name=1000&federated_search_id=35b44997-8859-4902-a119-7ceff3993cc0,pas de commentaire,Price:$113 / night,Entire serviced apartment in II Arrondissement,pas d'évaluation,4 guests · 1 bedroom · 2 beds · 1 bath
4,Cosy Room for 1 person - null - Paris,http://airbnb.com/rooms/35245256?adults=1&check_in=2020-12-30&check_out=2020-12-31&previous_page_section_name=1000&federated_search_id=35b44997-8859-4902-a119-7ceff3993cc0, (22),Price:$99 / night,Hotel room in X Arrondissement,4.59,1 guest · 1 bedroom · 1 bed · 1 bath
5,Appartement de charme - null - Paris,http://airbnb.com/rooms/45322772?adults=1&check_in=2020-12-30&check_out=2020-12-31&previous_page_section_name=1000&federated_search_id=35b44997-8859-4902-a119-7ceff3993cc0,pas de commentaire,Price:$77 / night,Entire apartment in XVIII Arrondissement,pas d'évaluation,2 guests · 1 bedroom · 1 bed · 1 bath
6,Design Apartment in the heart of Paris - null - Paris-10E-Arrondissement,http://airbnb.com/rooms/28967540?adults=1&check_in=2020-12-30&check_out=2020-12-31&previous_page_section_name=1000&federated_search_id=35b44997-8859-4902-a119-7ceff3993cc0, (179),Previous price:$240Discounted price:$195 / night,Entire apartment in X Arrondissement,4.43,4 guests · 1 bedroom · 2 beds · 1 bath
7,chambre calme maison examen Laplace - null - Arcueil,http://airbnb.com/rooms/8351562?adults=1&check_in=2020-12-30&check_out=2020-12-31&previous_page_section_name=1000&federated_search_id=35b44997-8859-4902-a119-7ceff3993cc0, (300),Price:$57 / night,Private room in XIV Arrondissement,4.69,2 guests · 1 bedroom · 1 bed · 1 shared bath
8,"Room, Bathroom with toilets, + little terrace - null - Arcueil",http://airbnb.com/rooms/21433648?adults=1&check_in=2020-12-30&check_out=2020-12-31&previous_page_section_name=1000&federated_search_id=35b44997-8859-4902-a119-7ceff3993cc0, (319),Price:$59 / night,Private room in Arcueil,4.81,2 guests · 1 bedroom · 1 bed · 1 private bath
9,Hôtel de Castiglione 4* - La Suite Castiglione - null - Paris,http://airbnb.com/rooms/13406758?adults=1&check_in=2020-12-30&check_out=2020-12-31&previous_page_section_name=1000&federated_search_id=35b44997-8859-4902-a119-7ceff3993cc0, (7),Price:$303 / night,Hotel room in VIII Arrondissement,4.71,4 guests · 1 bedroom · 1 bed · 1.5 baths
10,Chambre dun appartement chaleureux proche de Paris - null - Vitry-sur-Seine,http://airbnb.com/rooms/44400865?adults=1&check_in=2020-12-30&check_out=2020-12-31&previous_page_section_name=1000&federated_search_id=35b44997-8859-4902-a119-7ceff3993cc0, (11),Price:$64 / night,Private room in Vitry-sur-Seine,5.0,2 guests · 1 bedroom · 1 bed · 1 shared bath
11,Bienvenue chez Sophie ! - null - Paris,http://airbnb.com/rooms/23544023?adults=1&check_in=2020-12-30&check_out=2020-12-31&previous_page_section_name=1000&federated_search_id=35b44997-8859-4902-a119-7ceff3993cc0, (6),Price:$50 / night,Private room in XVIII Arrondissement,4.83,2 guests · 1 bedroom · 1 bed · 1 shared bath
12,Beautiful flat - null - Paris,http://airbnb.com/rooms/28913123?adults=1&check_in=2020-12-30&check_out=2020-12-31&previous_page_section_name=1000&federated_search_id=35b44997-8859-4902-a119-7ceff3993cc0, (35),Price:$258 / night,Entire apartment in XIII Arrondissement,4.80,2 guests · Studio · 1 bed · 1 bath
13,Appartement rénové à neuf 2020 - null - Paris,http://airbnb.com/rooms/44558484?adults=1&check_in=2020-12-30&check_out=2020-12-31&previous_page_section_name=1000&federated_search_id=35b44997-8859-4902-a119-7ceff3993cc0, (3),Price:$134 / night,Entire apartment in IX Arrondissement,5.0,2 guests · 1 bedroom · 1 bed · 1 bath
14,Cosy studio aux Portes de Paris - null - Les Lilas,http://airbnb.com/rooms/20228806?adults=1&check_in=2020-12-30&check_out=2020-12-31&previous_page_section_name=1000&federated_search_id=35b44997-8859-4902-a119-7ceff3993cc0, (374),Price:$85 / night,Entire apartment in XX Arrondissement,4.71,2 guests · Studio · 1 bed · 1 bath
15,Appartement Moderne au Coeur de St Germain des Pres - null - Paris,http://airbnb.com/rooms/45392986?adults=1&check_in=2020-12-30&check_out=2020-12-31&previous_page_section_name=1000&federated_search_id=35b44997-8859-4902-a119-7ceff3993cc0, (8),Price:$182 / night,Entire apartment in Quartier Latin,4.75,4 guests · 1 bedroom · 1 bed · 1 bath
16,Studio a côté du métro et RER Vincennes - null - Vincennes,http://airbnb.com/rooms/41728939?adults=1&check_in=2020-12-30&check_out=2020-12-31&previous_page_section_name=1000&federated_search_id=35b44997-8859-4902-a119-7ceff3993cc0, (53),Price:$72 / night,Entire apartment in Vincennes,4.43,2 guests · 1 bedroom · 1 bed · 1 bath
17,Louvre - Etienne Marcel 202: cosy apt for 3 people - null - Paris,http://airbnb.com/rooms/19307362?adults=1&check_in=2020-12-30&check_out=2020-12-31&previous_page_section_name=1000&federated_search_id=35b44997-8859-4902-a119-7ceff3993cc0, (21),Previous price:$138Discounted price:$113 / night,Entire apartment in I Arrondissement,3.89,3 guests · 1 bedroom · 1 bed · 1 bath
18,Paris Montparnasse - null - Paris,http://airbnb.com/rooms/19313662?adults=1&check_in=2020-12-30&check_out=2020-12-31&previous_page_section_name=1000&federated_search_id=35b44997-8859-4902-a119-7ceff3993cc0, (96),Price:$78 / night,Entire apartment in XIV Arrondissement,4.23,3 guests · 1 bedroom · 2 beds · 1 bath
19,Joli studio meublé refait à neuf proche de tout - null - Boulogne-Billancourt,http://airbnb.com/rooms/45259281?adults=1&check_in=2020-12-30&check_out=2020-12-31&previous_page_section_name=1000&federated_search_id=35b44997-8859-4902-a119-7ceff3993cc0, (13),Previous price:$120Discounted price:$83 / night,Entire apartment in XVI Arrondissement,4.0,2 guests · Studio · 1 bed · 1 bath
1,Studio a côté du métro et RER Vincennes - null - Vincennes,http://airbnb.com/rooms/41728939?adults=1&check_in=2020-12-30&check_out=2020-12-31&previous_page_section_name=1000&federated_search_id=abaa4f07-0c21-4d09-b0b5-dc96fd1f65d1, (53),Price:$72 / night,Entire apartment in Vincennes,4.43,2 guests · 1 bedroom · 1 bed · 1 bath
2,Private room nearby Paris (Line 1 Chât. Vincennes) - null - Vincennes,http://airbnb.com/rooms/38278395?adults=1&check_in=2020-12-30&check_out=2020-12-31&previous_page_section_name=1000&federated_search_id=abaa4f07-0c21-4d09-b0b5-dc96fd1f65d1, (36),Price:$49 / night,Private room in Vincennes,4.67,1 guest · 1 bedroom · 1 bed · 1 shared bath
3,Studio Cosy - null - Paris,http://airbnb.com/rooms/33997474?adults=1&check_in=2020-12-30&check_out=2020-12-31&previous_page_section_name=1000&federated_search_id=abaa4f07-0c21-4d09-b0b5-dc96fd1f65d1, (45),Price:$72 / night,Entire apartment in Commerce - Dupleix,4.70,1 guest · 1 bedroom · 1 bed · 1.5 baths
4,Appartement calme à deux pas de l'arc de Triomphe - null - Paris,http://airbnb.com/rooms/44113147?adults=1&check_in=2020-12-30&check_out=2020-12-31&previous_page_section_name=1000&federated_search_id=abaa4f07-0c21-4d09-b0b5-dc96fd1f65d1, (7),Price:$93 / night,Entire apartment in Ternes,5.0,2 guests · Studio · 1 bed · 1 bath
5,Studio privé près des Invalides - null - Paris,http://airbnb.com/rooms/46621383?adults=1&check_in=2020-12-30&check_out=2020-12-31&previous_page_section_name=1000&federated_search_id=abaa4f07-0c21-4d09-b0b5-dc96fd1f65d1,pas de commentaire,Price:$95 / night,Entire apartment in Invalides - Ecole Militaire,pas d'évaluation,2 guests · Studio · 1 bed · 1 bath
6,Studio-Saint-Honoré-Vendôme-Louvre - null - Paris,http://airbnb.com/rooms/39197481?adults=1&check_in=2020-12-30&check_out=2020-12-31&previous_page_section_name=1000&federated_search_id=abaa4f07-0c21-4d09-b0b5-dc96fd1f65d1, (51),Price:$194 / night,Entire apartment in I Arrondissement,4.94,3 guests · Studio · 1 bed · 1 bath
7,NO Opéra - Folies Bergères : appt. cosy pour 4 - null - Paris,http://airbnb.com/rooms/46768111?adults=1&check_in=2020-12-30&check_out=2020-12-31&previous_page_section_name=1000&federated_search_id=abaa4f07-0c21-4d09-b0b5-dc96fd1f65d1,pas de commentaire,Price:$113 / night,Entire serviced apartment in II Arrondissement,pas d'évaluation,4 guests · 1 bedroom · 2 beds · 1 bath
8,Parisien Male Dorm Shared Room / Homme Dortoir - null - Bobigny,http://airbnb.com/rooms/42248530?adults=1&check_in=2020-12-30&check_out=2020-12-31&previous_page_section_name=1000&federated_search_id=abaa4f07-0c21-4d09-b0b5-dc96fd1f65d1, (9),Previous price:$15Discounted price:$13 / night,Shared room in Bobigny,4.56,1 guest · 1 bedroom · 10 beds · 1.5 shared baths
9,Appartement Moderne au Coeur de St Germain des Pres - null - Paris,http://airbnb.com/rooms/45392986?adults=1&check_in=2020-12-30&check_out=2020-12-31&previous_page_section_name=1000&federated_search_id=abaa4f07-0c21-4d09-b0b5-dc96fd1f65d1, (8),Price:$182 / night,Entire apartment in Quartier Latin,4.75,4 guests · 1 bedroom · 1 bed · 1 bath
10,Chambre dun appartement chaleureux proche de Paris - null - Vitry-sur-Seine,http://airbnb.com/rooms/44400865?adults=1&check_in=2020-12-30&check_out=2020-12-31&previous_page_section_name=1000&federated_search_id=abaa4f07-0c21-4d09-b0b5-dc96fd1f65d1, (11),Price:$64 / night,Private room in Vitry-sur-Seine,5.0,2 guests · 1 bedroom · 1 bed · 1 shared bath
11,Paris Montparnasse - null - Paris,http://airbnb.com/rooms/19313662?adults=1&check_in=2020-12-30&check_out=2020-12-31&previous_page_section_name=1000&federated_search_id=abaa4f07-0c21-4d09-b0b5-dc96fd1f65d1, (96),Price:$78 / night,Entire apartment in XIV Arrondissement,4.23,3 guests · 1 bedroom · 2 beds · 1 bath
12,Paris Bed and Breakfast tiny studio - null - Paris,http://airbnb.com/rooms/46169451?adults=1&check_in=2020-12-30&check_out=2020-12-31&previous_page_section_name=1000&federated_search_id=abaa4f07-0c21-4d09-b0b5-dc96fd1f65d1, (4),Price:$81 / night,Entire condominium in XVIII Arrondissement,4.75,1 guest · Studio · 0 beds · 1 bath
13,"Warm, cosy cocoon, between Paris and Orly Airport - null - Chevilly-Larue",http://airbnb.com/rooms/42169628?adults=1&check_in=2020-12-30&check_out=2020-12-31&previous_page_section_name=1000&federated_search_id=abaa4f07-0c21-4d09-b0b5-dc96fd1f65d1, (59),Price:$88 / night,Entire guesthouse in Chevilly-Larue,4.88,3 guests · 1 bedroom · 1 bed · 1 bath
14,"La chambre supérieure, cosy et arty - null - Paris",http://airbnb.com/rooms/27623885?adults=1&check_in=2020-12-30&check_out=2020-12-31&previous_page_section_name=1000&federated_search_id=abaa4f07-0c21-4d09-b0b5-dc96fd1f65d1, (4),Previous price:$171Discounted price:$116 / night,Hotel room in Opéra - Grands Boulevards,5.0,2 guests · 1 bedroom · 1 bath
15,Hotel room 5 min from Paris Porte de Versailles - null - Issy-les-Moulineaux,http://airbnb.com/rooms/31372632?adults=1&check_in=2020-12-30&check_out=2020-12-31&previous_page_section_name=1000&federated_search_id=abaa4f07-0c21-4d09-b0b5-dc96fd1f65d1, (85),Price:$78 / night,Hotel room in XV Arrondissement,4.74,1 guest · 1 bedroom · 1 bed · 1 bath
16,"Paris Cocooning Studio 75005 ""Jardin des plantes"" - null - Paris",http://airbnb.com/rooms/34590628?adults=1&check_in=2020-12-30&check_out=2020-12-31&previous_page_section_name=1000&federated_search_id=abaa4f07-0c21-4d09-b0b5-dc96fd1f65d1, (48),Price:$138 / night,Entire apartment in Quartier Latin,4.65,2 guests · 1 bedroom · 1 bed · 1 bath
17,Studio Paris 15 - proximité Tour Eiffel - null - Paris,http://airbnb.com/rooms/44758319?adults=1&check_in=2020-12-30&check_out=2020-12-31&previous_page_section_name=1000&federated_search_id=abaa4f07-0c21-4d09-b0b5-dc96fd1f65d1, (7),Price:$91 / night,Entire apartment in Vaugirard,4.57,2 guests · Studio · 1 bed · 1 bath
18,★ Superbe chambre double confortable - null - Paris,http://airbnb.com/rooms/45557396?adults=1&check_in=2020-12-30&check_out=2020-12-31&previous_page_section_name=1000&federated_search_id=abaa4f07-0c21-4d09-b0b5-dc96fd1f65d1, (12),Price:$121 / night,Hotel room in XIV Arrondissement,4.0,2 guests · 1 bedroom · 1 bed · 1 private bath
19,Somptueux appartement à quelques mètres des Champs-Élysées - null - Paris,http://airbnb.com/rooms/plus/24400613?adults=1&check_in=2020-12-30&check_out=2020-12-31&previous_page_section_name=1000&federated_search_id=abaa4f07-0c21-4d09-b0b5-dc96fd1f65d1, (126),Price:$850 / night,Entire apartment in VIII Arrondissement,4.76,6 guests · 2 bedrooms · 3 beds · 2 baths
1,Cozy Room for 1 near St Martin Canal - null - Paris,http://airbnb.com/rooms/32057332?adults=1&check_in=2020-12-30&check_out=2020-12-31&previous_page_section_name=1000&federated_search_id=107c3ba8-1025-4e92-9cb4-29786ecf7d68, (7),Previous price:$118Discounted price:$95 / night,Room in boutique hotel in La Villette,4.71,1 guest · 1 bedroom · 1 bed · 1 private bath
2,Sweet Little Room near St Martin Canal - null - Paris,http://airbnb.com/rooms/32057469?adults=1&check_in=2020-12-30&check_out=2020-12-31&previous_page_section_name=1000&federated_search_id=107c3ba8-1025-4e92-9cb4-29786ecf7d68, (555),Previous price:$164Discounted price:$100 / night,Room in boutique hotel in La Villette,4.41,2 guests · 1 bedroom · 1 bed · 1 private bath
3,"Chambre Double ""les années folles de Montparnasse"" - null - Paris",http://airbnb.com/rooms/28453325?adults=1&check_in=2020-12-30&check_out=2020-12-31&previous_page_section_name=1000&federated_search_id=107c3ba8-1025-4e92-9cb4-29786ecf7d68, (28),Price:$142 / night,Room in boutique hotel in Montparnasse,4.68,2 guests · 1 bedroom · 1 bed · 1 private bath
4,Charming studio redone in NEUF-Grands Boulevards - Professional Cleaning - null - Paris,http://airbnb.com/rooms/41873016?adults=1&check_in=2020-12-30&check_out=2020-12-31&previous_page_section_name=1000&federated_search_id=107c3ba8-1025-4e92-9cb4-29786ecf7d68,pas de commentaire,Price:$195 / night,Entire apartment in Paris,pas d'évaluation,3 guests · 1 bedroom · 2 beds · 1 bath
5,Vue sur Seine - null - Boulogne-Billancourt,http://airbnb.com/rooms/45114375?adults=1&check_in=2020-12-30&check_out=2020-12-31&previous_page_section_name=1000&federated_search_id=107c3ba8-1025-4e92-9cb4-29786ecf7d68,pas de commentaire,Price:$138 / night,Private room in Boulogne-Billancourt,pas d'évaluation,2 guests · 1 bedroom · 1 bed · 1 shared bath
6,Hôtel Orchidée - null - Paris,http://airbnb.com/hotels/46113762?adults=1&check_in=2020-12-30&check_out=2020-12-31&previous_page_section_name=1000&federated_search_id=107c3ba8-1025-4e92-9cb4-29786ecf7d68,pas de commentaire,From Price:$171 / night,Boutique hotel in Paris,pas d'évaluation,4 room types · 41 total rooms on property
7,Nice room in Paris - null - Paris,http://airbnb.com/rooms/31616761?adults=1&check_in=2020-12-30&check_out=2020-12-31&previous_page_section_name=1000&federated_search_id=107c3ba8-1025-4e92-9cb4-29786ecf7d68, (129),Price:$58 / night,Private room in XIX Arrondissement,4.86,2 guests · 1 bedroom · 1 bed · 1 shared bath
8,Chambre Supérieure - null - Clichy,http://airbnb.com/rooms/45684910?adults=1&check_in=2020-12-30&check_out=2020-12-31&previous_page_section_name=1000&federated_search_id=107c3ba8-1025-4e92-9cb4-29786ecf7d68,pas de commentaire,Price:$106 / night,Room in boutique hotel in XVII Arrondissement,pas d'évaluation,2 guests · 1 bedroom · 1 bed · 1 private bath
9,Chambre dans un environnement de musique créative - null - Rueil-Malmaison,http://airbnb.com/rooms/44186496?adults=1&check_in=2020-12-30&check_out=2020-12-31&previous_page_section_name=1000&federated_search_id=107c3ba8-1025-4e92-9cb4-29786ecf7d68, (7),Price:$44 / night,Private room in Rueil-Malmaison,4.86,1 guest · 1 bedroom · 0 beds · 1 private bath
10,Tres Charmante Chambre Plein Coeur Paris 13e - null - Paris,http://airbnb.com/rooms/42011083?adults=1&check_in=2020-12-30&check_out=2020-12-31&previous_page_section_name=1000&federated_search_id=107c3ba8-1025-4e92-9cb4-29786ecf7d68, (42),Price:$51 / night,Private room in XIII Arrondissement,4.60,2 guests · 1 bedroom · 1 bed · 1 shared bath
11,Paris Nation : lovely flat very bright - null - Paris,http://airbnb.com/rooms/34623498?adults=1&check_in=2020-12-30&check_out=2020-12-31&previous_page_section_name=1000&federated_search_id=107c3ba8-1025-4e92-9cb4-29786ecf7d68, (103),Price:$102 / night,Entire apartment in Nation,4.81,2 guests · 1 bedroom · 1 bed · 1 bath
12,Charmant petit studio au pied du métro Alésia - null - Paris,http://airbnb.com/rooms/46306817?adults=1&check_in=2020-12-30&check_out=2020-12-31&previous_page_section_name=1000&federated_search_id=107c3ba8-1025-4e92-9cb4-29786ecf7d68,pas de commentaire,Price:$65 / night,Entire apartment in XIV Arrondissement,pas d'évaluation,1 guest · Studio · 1 bed · 1 bath
13,Trocadéro/Eiffel Tower- Luxuous 3 bedrooms-All new - null - Paris,http://airbnb.com/rooms/42750675?adults=1&check_in=2020-12-30&check_out=2020-12-31&previous_page_section_name=1000&federated_search_id=107c3ba8-1025-4e92-9cb4-29786ecf7d68, (11),Previous price:$628Discounted price:$519 / night,Entire apartment in XVI Arrondissement,4.82,8 guests · 3 bedrooms · 3 beds · 2 baths
14,Hôtel Le Relais Saint Charles - null - Paris,http://airbnb.com/hotels/46112723?adults=1&check_in=2020-12-30&check_out=2020-12-31&previous_page_section_name=1000&federated_search_id=107c3ba8-1025-4e92-9cb4-29786ecf7d68,pas de commentaire,From Price:$134 / night,Boutique hotel in Paris,pas d'évaluation,8 room types · 38 total rooms on property
15,Appartement rénové à neuf 2020 - null - Paris,http://airbnb.com/rooms/44558484?adults=1&check_in=2020-12-30&check_out=2020-12-31&previous_page_section_name=1000&federated_search_id=107c3ba8-1025-4e92-9cb4-29786ecf7d68, (3),Price:$134 / night,Entire apartment in IX Arrondissement,5.0,2 guests · 1 bedroom · 1 bed · 1 bath
16,Fontenay-aux-Roses/Sceaux/Chatillon/Plessis-R - null - Fontenay-aux-Roses,http://airbnb.com/rooms/18320441?adults=1&check_in=2020-12-30&check_out=2020-12-31&previous_page_section_name=1000&federated_search_id=107c3ba8-1025-4e92-9cb4-29786ecf7d68, (61),Price:$49 / night,Private room in Fontenay-aux-Roses,4.82,2 guests · 1 bedroom · 1 bed · 1 private bath
17,Bed in 4 bed Female Dorm -Regent Montmartre Hostel - null - Paris,http://airbnb.com/rooms/27154311?adults=1&check_in=2020-12-30&check_out=2020-12-31&previous_page_section_name=1000&federated_search_id=107c3ba8-1025-4e92-9cb4-29786ecf7d68, (91),Price:$37 / night,Hotel room in IX Arrondissement,4.38,1 guest · 1 bedroom · 2 beds · 1 bath
18,Chambre Supérieure - null - Paris,http://airbnb.com/rooms/26115756?adults=1&check_in=2020-12-30&check_out=2020-12-31&previous_page_section_name=1000&federated_search_id=107c3ba8-1025-4e92-9cb4-29786ecf7d68, (11),Previous price:$95Discounted price:$80 / night,Hotel room in Buttes-Chaumont - Belleville,4.73,2 guests · 1 bedroom · 1 bath
19,Appartement Cosy refait à neuf ! - null - Paris,http://airbnb.com/rooms/43769260?adults=1&check_in=2020-12-30&check_out=2020-12-31&previous_page_section_name=1000&federated_search_id=107c3ba8-1025-4e92-9cb4-29786ecf7d68, (71),Price:$138 / night,Entire apartment in La Villette,4.65,3 guests · 1 bedroom · 2 beds · 1.5 baths
1,Nice T2 near the Trocadero  - Professional Cleaning - null - Paris,http://airbnb.com/rooms/35394674?adults=1&check_in=2020-12-30&check_out=2020-12-31&previous_page_section_name=1000&federated_search_id=91a80e26-4fef-47d5-8dce-646a1c76f79a, (17),Price:$278 / night,Entire apartment in XVI Arrondissement,4.06,4 guests · 1 bedroom · 2 beds · 1 bath
2,"Chambre cosy proche gare Noisy-Champs, par RER A. - null - Noisy-le-Grand",http://airbnb.com/rooms/42602077?adults=1&check_in=2020-12-30&check_out=2020-12-31&previous_page_section_name=1000&federated_search_id=91a80e26-4fef-47d5-8dce-646a1c76f79a, (25),Price:$42 / night,Private room in Noisy-le-Grand,5.0,2 guests · 1 bedroom · 1 bed · 1 shared bath
3,T2 bright and design at the foot of SACRE COEUR - Professional Cleaning - null - Paris,http://airbnb.com/rooms/40717802?adults=1&check_in=2020-12-30&check_out=2020-12-31&previous_page_section_name=1000&federated_search_id=91a80e26-4fef-47d5-8dce-646a1c76f79a, (4),Price:$229 / night,Entire apartment in Montmartre,5.0,2 guests · 1 bedroom · 1 bed · 1 bath
4,La love room - null - Le Bourget,http://airbnb.com/rooms/46015380?adults=1&check_in=2020-12-30&check_out=2020-12-31&previous_page_section_name=1000&federated_search_id=91a80e26-4fef-47d5-8dce-646a1c76f79a, (3),Price:$170 / night,Private room in Le Bourget,4.67,2 guests · Studio · 0 beds · 1 shared bath
5,Super cosy et lumineux en plein cœur de Paris - null - Paris,http://airbnb.com/rooms/46511315?adults=1&check_in=2020-12-30&check_out=2020-12-31&previous_page_section_name=1000&federated_search_id=91a80e26-4fef-47d5-8dce-646a1c76f79a,pas de commentaire,Price:$99 / night,Entire apartment in I Arrondissement,pas d'évaluation,2 guests · Studio · 1 bed · 1 bath
6,★ Superbe Chambre Double Supérieure - null - Paris,http://airbnb.com/rooms/45988786?adults=1&check_in=2020-12-30&check_out=2020-12-31&previous_page_section_name=1000&federated_search_id=91a80e26-4fef-47d5-8dce-646a1c76f79a, (8),Price:$198 / night,Room in boutique hotel in I Arrondissement,4.50,2 guests · 1 bedroom · 1 bed · 1 private bath
7,Appartement de charme - null - Paris,http://airbnb.com/rooms/45322772?adults=1&check_in=2020-12-30&check_out=2020-12-31&previous_page_section_name=1000&federated_search_id=91a80e26-4fef-47d5-8dce-646a1c76f79a,pas de commentaire,Price:$77 / night,Entire apartment in XVIII Arrondissement,pas d'évaluation,2 guests · 1 bedroom · 1 bed · 1 bath
8,Studio cosy au pied de la butte de Montmartre - null - Paris,http://airbnb.com/rooms/46393313?adults=1&check_in=2020-12-30&check_out=2020-12-31&previous_page_section_name=1000&federated_search_id=91a80e26-4fef-47d5-8dce-646a1c76f79a,pas de commentaire,Price:$59 / night,Entire apartment in IX Arrondissement,pas d'évaluation,2 guests · Studio · 1 bed · 1 bath
9,MARAIS-BEAUBOURG -5 PEOPLE - null - Paris,http://airbnb.com/rooms/4028574?adults=1&check_in=2020-12-30&check_out=2020-12-31&previous_page_section_name=1000&federated_search_id=91a80e26-4fef-47d5-8dce-646a1c76f79a, (381),Price:$194 / night,Entire apartment in Châtelet - Les Halles - Beaubourg,4.17,5 guests · 2 bedrooms · 3 beds · 1 bath
10,Romantic room near the Opéra Garnier - null - Paris,http://airbnb.com/rooms/23302543?adults=1&check_in=2020-12-30&check_out=2020-12-31&previous_page_section_name=1000&federated_search_id=91a80e26-4fef-47d5-8dce-646a1c76f79a, (4),Price:$132 / night,Hotel room in IX Arrondissement,4.75,2 guests · 1 bedroom · 1 bed · 1 bath
11,Charming Parisian flat close to Opera Garnier 2/4P - null - Paris,http://airbnb.com/rooms/41009599?adults=1&check_in=2020-12-30&check_out=2020-12-31&previous_page_section_name=1000&federated_search_id=91a80e26-4fef-47d5-8dce-646a1c76f79a, (14),Price:$194 / night,Entire apartment in Paris,4.50,4 guests · 1 bedroom · 2 beds · 1 bath
12,★ Superbe Chambre Gustave - null - Paris,http://airbnb.com/rooms/46462891?adults=1&check_in=2020-12-30&check_out=2020-12-31&previous_page_section_name=1000&federated_search_id=91a80e26-4fef-47d5-8dce-646a1c76f79a,pas de commentaire,Price:$163 / night,Room in boutique hotel in Commerce - Dupleix,pas d'évaluation,2 guests · 1 bedroom · 1 bed · 1 private bath
13,Appartement avec balcon près des quais - null - Paris,http://airbnb.com/rooms/45538681?adults=1&check_in=2020-12-30&check_out=2020-12-31&previous_page_section_name=1000&federated_search_id=91a80e26-4fef-47d5-8dce-646a1c76f79a,pas de commentaire,Price:$102 / night,Entire apartment in La Villette,pas d'évaluation,4 guests · 1 bedroom · 2 beds · 1 bath
14,Luminous Loft in Saint-Germain des Prés - Professional Cleaning - null - Paris,http://airbnb.com/rooms/24797128?adults=1&check_in=2020-12-30&check_out=2020-12-31&previous_page_section_name=1000&federated_search_id=91a80e26-4fef-47d5-8dce-646a1c76f79a, (108),Previous price:$404Discounted price:$279 / night,Entire apartment in Saint-Germain-des-Prés - Odéon,4.53,4 guests · 1 bedroom · 2 beds · 1 bath
15,★ Superbe Chambre Double Supérieure - null - Paris,http://airbnb.com/rooms/45835598?adults=1&check_in=2020-12-30&check_out=2020-12-31&previous_page_section_name=1000&federated_search_id=91a80e26-4fef-47d5-8dce-646a1c76f79a,pas de commentaire,Price:$99 / night,Room in boutique hotel in X Arrondissement,pas d'évaluation,2 guests · 1 bedroom · 1 bed · 1 shared bath
16,Charming Apartment-3BR/6P-Nation D - null - Paris,http://airbnb.com/rooms/42876578?adults=1&check_in=2020-12-30&check_out=2020-12-31&previous_page_section_name=1000&federated_search_id=91a80e26-4fef-47d5-8dce-646a1c76f79a, (15),Price:$328 / night,Entire apartment in Nation,4.73,6 guests · 3 bedrooms · 3 beds · 2.5 baths
17,Charmant studio  avec vue sur le jardin - null - Noisy-le-Sec,http://airbnb.com/rooms/27280842?adults=1&check_in=2020-12-30&check_out=2020-12-31&previous_page_section_name=1000&federated_search_id=91a80e26-4fef-47d5-8dce-646a1c76f79a, (188),Price:$78 / night,Entire guesthouse in Noisy-le-Sec,4.78,2 guests · 1 bedroom · 2 beds · 1 bath
18,Charming Flat w Terrace near Le Marais - PARIS 1 - null - Paris,http://airbnb.com/rooms/36523401?adults=1&check_in=2020-12-30&check_out=2020-12-31&previous_page_section_name=1000&federated_search_id=91a80e26-4fef-47d5-8dce-646a1c76f79a, (86),Previous price:$263Discounted price:$244 / night,Entire apartment in I Arrondissement,4.86,4 guests · Studio · 2 beds · 1 bath
19,Somptueux appartement à quelques mètres des Champs-Élysées - null - Paris,http://airbnb.com/rooms/plus/24400613?adults=1&check_in=2020-12-30&check_out=2020-12-31&previous_page_section_name=1000&federated_search_id=91a80e26-4fef-47d5-8dce-646a1c76f79a, (126),Price:$850 / night,Entire apartment in VIII Arrondissement,4.76,6 guests · 2 bedrooms · 3 beds · 2 baths
1,Somptueux appartement à quelques mètres des Champs-Élysées - null - Paris,http://airbnb.com/rooms/plus/24400613?adults=1&check_in=2020-12-30&check_out=2020-12-31&previous_page_section_name=1000&federated_search_id=609c66a4-c077-421c-8acf-a59f3f584f0e, (126),Price:$850 / night,Entire apartment in VIII Arrondissement,4.76,6 guests · 2 bedrooms · 3 beds · 2 baths
2,La Grenouillère studio  indépendant dans le jardin - null - Fresnes,http://airbnb.com/rooms/38143107?adults=1&check_in=2020-12-30&check_out=2020-12-31&previous_page_section_name=1000&federated_search_id=609c66a4-c077-421c-8acf-a59f3f584f0e, (48),Price:$63 / night,Private room in Fresnes,4.85,2 guests · 1 bedroom · 1 bed · 1 private bath
3,Chambre Supérieure - null - Clichy,http://airbnb.com/rooms/45684910?adults=1&check_in=2020-12-30&check_out=2020-12-31&previous_page_section_name=1000&federated_search_id=609c66a4-c077-421c-8acf-a59f3f584f0e,pas de commentaire,Price:$106 / night,Room in boutique hotel in XVII Arrondissement,pas d'évaluation,2 guests · 1 bedroom · 1 bed · 1 private bath
4,Ecrin de verdure aux portes de Paris - null - Arcueil,http://airbnb.com/rooms/20399451?adults=1&check_in=2020-12-30&check_out=2020-12-31&previous_page_section_name=1000&federated_search_id=609c66a4-c077-421c-8acf-a59f3f584f0e, (94),Price:$109 / night,Private room in Alésia,4.85,2 guests · 1 bedroom · 1 bed · 1 private bath
5,"Chambre Double ""les années folles de Montparnasse"" - null - Paris",http://airbnb.com/rooms/28453325?adults=1&check_in=2020-12-30&check_out=2020-12-31&previous_page_section_name=1000&federated_search_id=609c66a4-c077-421c-8acf-a59f3f584f0e, (28),Price:$142 / night,Room in boutique hotel in Montparnasse,4.68,2 guests · 1 bedroom · 1 bed · 1 private bath
6,Studio Calme - Mairie de Clichy (15 min de Paris) - null - Clichy,http://airbnb.com/rooms/46078271?adults=1&check_in=2020-12-30&check_out=2020-12-31&previous_page_section_name=1000&federated_search_id=609c66a4-c077-421c-8acf-a59f3f584f0e,pas de commentaire,Price:$44 / night,Entire condominium in Batignolles,pas d'évaluation,1 guest · 1 bedroom · 2 beds · Half-bath
7,The Eiffel Tower Cozy Flat 200m walk - null - Paris,http://airbnb.com/rooms/33927391?adults=1&check_in=2020-12-30&check_out=2020-12-31&previous_page_section_name=1000&federated_search_id=609c66a4-c077-421c-8acf-a59f3f584f0e, (55),Price:$243 / night,Entire apartment in Tour Eiffel - Champ de Mars,4.49,4 guests · Studio · 2 beds · 1 bath
8,"Center , wonderful place , 2 mins Montparnasse - null - Paris",http://airbnb.com/rooms/45354674?adults=1&check_in=2020-12-30&check_out=2020-12-31&previous_page_section_name=1000&federated_search_id=609c66a4-c077-421c-8acf-a59f3f584f0e,pas de commentaire,Price:$102 / night,Private room in Montparnasse,pas d'évaluation,2 guests · Studio · 1 bed · 0 shared baths
9,★ Superbe chambre double confortable - null - Paris,http://airbnb.com/rooms/45557396?adults=1&check_in=2020-12-30&check_out=2020-12-31&previous_page_section_name=1000&federated_search_id=609c66a4-c077-421c-8acf-a59f3f584f0e, (12),Price:$121 / night,Hotel room in XIV Arrondissement,4.0,2 guests · 1 bedroom · 1 bed · 1 private bath
10,Chambre privative à louer avec super balcon - null - Choisy-le-Roi,http://airbnb.com/rooms/44568555?adults=1&check_in=2020-12-30&check_out=2020-12-31&previous_page_section_name=1000&federated_search_id=609c66a4-c077-421c-8acf-a59f3f584f0e, (17),Price:$42 / night,Private room in Choisy-le-Roi,4.82,1 guest · 1 bedroom · 1 bed · 1 shared bath
11,Joli studio meublé refait à neuf proche de tout - null - Boulogne-Billancourt,http://airbnb.com/rooms/45259281?adults=1&check_in=2020-12-30&check_out=2020-12-31&previous_page_section_name=1000&federated_search_id=609c66a4-c077-421c-8acf-a59f3f584f0e, (13),Previous price:$120Discounted price:$83 / night,Entire apartment in XVI Arrondissement,4.0,2 guests · Studio · 1 bed · 1 bath
12,Trocadéro/Eiffel Tower- Luxuous 3 bedrooms-All new - null - Paris,http://airbnb.com/rooms/42750675?adults=1&check_in=2020-12-30&check_out=2020-12-31&previous_page_section_name=1000&federated_search_id=609c66a4-c077-421c-8acf-a59f3f584f0e, (11),Previous price:$628Discounted price:$519 / night,Entire apartment in XVI Arrondissement,4.82,8 guests · 3 bedrooms · 3 beds · 2 baths
13,Nouveau Studio cosy à proximité de Paris - null - Colombes,http://airbnb.com/rooms/45999806?adults=1&check_in=2020-12-30&check_out=2020-12-31&previous_page_section_name=1000&federated_search_id=609c66a4-c077-421c-8acf-a59f3f584f0e, (5),Price:$113 / night,Entire apartment in Colombes,5.0,2 guests · Studio · 1 bed · 1 bath
14,For a Charming stay in Paris - null - Paris,http://airbnb.com/rooms/35187319?adults=1&check_in=2020-12-30&check_out=2020-12-31&previous_page_section_name=1000&federated_search_id=609c66a4-c077-421c-8acf-a59f3f584f0e, (32),Previous price:$154Discounted price:$94 / night,Hotel room in Saint-Germain-des-Prés - Odéon,4.06,2 guests · 1 bedroom · 1 bed · 1 bath
15,★ Superbe Chambre Gustave - null - Paris,http://airbnb.com/rooms/46462891?adults=1&check_in=2020-12-30&check_out=2020-12-31&previous_page_section_name=1000&federated_search_id=609c66a4-c077-421c-8acf-a59f3f584f0e,pas de commentaire,Price:$163 / night,Room in boutique hotel in Commerce - Dupleix,pas d'évaluation,2 guests · 1 bedroom · 1 bed · 1 private bath
16,French Theory - The Study Room - null - Paris,http://airbnb.com/rooms/39410968?adults=1&check_in=2020-12-30&check_out=2020-12-31&previous_page_section_name=1000&federated_search_id=609c66a4-c077-421c-8acf-a59f3f584f0e, (121),Price:$142 / night,Room in boutique hotel in Quartier Latin,4.81,1 guest · 1 bedroom · 1 bed · 1 private bath
17,Cozy and Relax at Luxembourg Garden - null - Paris,http://airbnb.com/rooms/46166605?adults=1&check_in=2020-12-30&check_out=2020-12-31&previous_page_section_name=1000&federated_search_id=609c66a4-c077-421c-8acf-a59f3f584f0e,pas de commentaire,Price:$266 / night,Entire apartment in V Arrondissement,pas d'évaluation,2 guests · Studio · 1 bed · 1 bath
18,Une chambre Metro Cambronne - null - Paris,http://airbnb.com/rooms/8647041?adults=1&check_in=2020-12-30&check_out=2020-12-31&previous_page_section_name=1000&federated_search_id=609c66a4-c077-421c-8acf-a59f3f584f0e, (75),Price:$81 / night,Private room in Invalides - Ecole Militaire,4.57,1 guest · 1 bedroom · 1 bed · 1 shared bath
19,Belle chambre privée n°1 à Paris 75019. - null - Paris,http://airbnb.com/rooms/43513168?adults=1&check_in=2020-12-30&check_out=2020-12-31&previous_page_section_name=1000&federated_search_id=609c66a4-c077-421c-8acf-a59f3f584f0e, (3),Previous price:$57Discounted price:$51 / night,Private room in La Villette,5.0,1 guest · 1 bedroom · 1 bed · 1 shared bath
1,Comme si vous étiez chez vous ! - null - Paris,http://airbnb.com/rooms/46848470?adults=1&check_in=2020-12-30&check_out=2020-12-31&previous_page_section_name=1000&federated_search_id=f32b88fa-2c26-4e9c-ac46-cf807a198ea0,pas de commentaire,Price:$170 / night,Entire apartment in XVI Arrondissement,pas d'évaluation,4 guests · Studio · 1 bed · 1 bath
2,"Studio, 17 m2, à 120 m de Paris - null - Gentilly",http://airbnb.com/rooms/4622695?adults=1&check_in=2020-12-30&check_out=2020-12-31&previous_page_section_name=1000&federated_search_id=f32b88fa-2c26-4e9c-ac46-cf807a198ea0, (207),Price:$72 / night,Private room in XIV Arrondissement,4.67,2 guests · 1 bedroom · 1 bed · 1 private bath
3,Malakoff Grand apartment a few steps of Paris - null - Malakoff,http://airbnb.com/rooms/33133284?adults=1&check_in=2020-12-30&check_out=2020-12-31&previous_page_section_name=1000&federated_search_id=f32b88fa-2c26-4e9c-ac46-cf807a198ea0, (106),Price:$188 / night,Entire apartment in XIV Arrondissement,4.97,8 guests · 3 bedrooms · 8 beds · 1.5 baths
4,"Warm, cosy cocoon, between Paris and Orly Airport - null - Chevilly-Larue",http://airbnb.com/rooms/42169628?adults=1&check_in=2020-12-30&check_out=2020-12-31&previous_page_section_name=1000&federated_search_id=f32b88fa-2c26-4e9c-ac46-cf807a198ea0, (59),Price:$88 / night,Entire guesthouse in Chevilly-Larue,4.88,3 guests · 1 bedroom · 1 bed · 1 bath
5,Light My Fire - Magnifique chambre proche Opéra - null - Paris,http://airbnb.com/rooms/35214831?adults=1&check_in=2020-12-30&check_out=2020-12-31&previous_page_section_name=1000&federated_search_id=f32b88fa-2c26-4e9c-ac46-cf807a198ea0, (3),Price:$168 / night,Hotel room in VIII Arrondissement,5.0,2 guests · 1 bedroom · 1 bed · 1 bath
6,Belle époque style suite - perfect for family - null - Paris,http://airbnb.com/rooms/23302246?adults=1&check_in=2020-12-30&check_out=2020-12-31&previous_page_section_name=1000&federated_search_id=f32b88fa-2c26-4e9c-ac46-cf807a198ea0, (19),Price:$152 / night,Hotel room in IX Arrondissement,4.89,4 guests · 1 bedroom · 2 beds · 1 bath
7,Luxe studio 10min metro from the Center of Paris - null - Saint-Mandé,http://airbnb.com/rooms/39068412?adults=1&check_in=2020-12-30&check_out=2020-12-31&previous_page_section_name=1000&federated_search_id=f32b88fa-2c26-4e9c-ac46-cf807a198ea0, (88),Price:$152 / night,Entire apartment in XX Arrondissement,4.45,2 guests · 1 bedroom · 2 beds · 1 bath
8,canapé lit à Montreuil - null - Montreuil,http://airbnb.com/rooms/3983007?adults=1&check_in=2020-12-30&check_out=2020-12-31&previous_page_section_name=1000&federated_search_id=f32b88fa-2c26-4e9c-ac46-cf807a198ea0, (157),Price:$23 / night,Shared room in Montreuil,4.89,1 guest · 1 bedroom · 1 bed · 1 shared bath
9,Luxury apartment in Montparnasse❤️!!! - null - Paris,http://airbnb.com/rooms/36379844?adults=1&check_in=2020-12-30&check_out=2020-12-31&previous_page_section_name=1000&federated_search_id=f32b88fa-2c26-4e9c-ac46-cf807a198ea0, (55),Previous price:$223Discounted price:$172 / night,Entire apartment in Montparnasse,4.16,4 guests · 1 bedroom · 1 bed · 1 bath
10,Saint-Lazare - Opera 35: apartment for 5 - null - Paris,http://airbnb.com/rooms/29004037?adults=1&check_in=2020-12-30&check_out=2020-12-31&previous_page_section_name=1000&federated_search_id=f32b88fa-2c26-4e9c-ac46-cf807a198ea0, (51),Price:$171 / night,Entire apartment in VIII Arrondissement,4.53,5 guests · 2 bedrooms · 2 beds · 1 bath
11,Rooms middle of Saint-Germain des Prés in Paris - null - Paris,http://airbnb.com/rooms/8876983?adults=1&check_in=2020-12-30&check_out=2020-12-31&previous_page_section_name=1000&federated_search_id=f32b88fa-2c26-4e9c-ac46-cf807a198ea0, (190),Price:$112 / night,Room in boutique hotel in Saint-Germain-des-Prés - Odéon,4.52,16 guests · 50 bedrooms · 18 beds · 50 baths
12,Superb room for 2 - null - Paris,http://airbnb.com/rooms/35149159?adults=1&check_in=2020-12-30&check_out=2020-12-31&previous_page_section_name=1000&federated_search_id=f32b88fa-2c26-4e9c-ac46-cf807a198ea0, (139),Price:$112 / night,Room in boutique hotel in XIII Arrondissement,4.71,2 guests · 1 bedroom · 1 bed · 1 private bath
13,Atelier Duplex - null - Paris,http://airbnb.com/rooms/4844814?adults=1&check_in=2020-12-30&check_out=2020-12-31&previous_page_section_name=1000&federated_search_id=f32b88fa-2c26-4e9c-ac46-cf807a198ea0, (114),Previous price:$219Discounted price:$193 / night,Entire serviced apartment in IX Arrondissement,4.93,2 guests · 1 bedroom · 1 bed · 1 bath
14,Superb room for two - null - Paris,http://airbnb.com/rooms/35242476?adults=1&check_in=2020-12-30&check_out=2020-12-31&previous_page_section_name=1000&federated_search_id=f32b88fa-2c26-4e9c-ac46-cf807a198ea0, (283),Price:$140 / night,Hotel room in Quartier Latin,4.74,2 guests · 1 bedroom · 1 bed · 1 bath
15,For a Charming stay in Paris - null - Paris,http://airbnb.com/rooms/35187319?adults=1&check_in=2020-12-30&check_out=2020-12-31&previous_page_section_name=1000&federated_search_id=f32b88fa-2c26-4e9c-ac46-cf807a198ea0, (32),Previous price:$154Discounted price:$94 / night,Hotel room in Saint-Germain-des-Prés - Odéon,4.06,2 guests · 1 bedroom · 1 bed · 1 bath
16,Fabulous family apartment in the centre of Paris! - null - Paris,http://airbnb.com/rooms/31132880?adults=1&check_in=2020-12-30&check_out=2020-12-31&previous_page_section_name=1000&federated_search_id=f32b88fa-2c26-4e9c-ac46-cf807a198ea0, (138),Price:$427 / night,Entire apartment in II Arrondissement,4.71,8 guests · 3 bedrooms · 4 beds · 1.5 baths
17,Studio au Cœur de Paris - null - Paris,http://airbnb.com/rooms/43948160?adults=1&check_in=2020-12-30&check_out=2020-12-31&previous_page_section_name=1000&federated_search_id=f32b88fa-2c26-4e9c-ac46-cf807a198ea0, (32),Price:$88 / night,Entire apartment in I Arrondissement,4.31,2 guests · Studio · 1 bed · 1 bath
18,chambre calme maison examen Laplace - null - Arcueil,http://airbnb.com/rooms/8351562?adults=1&check_in=2020-12-30&check_out=2020-12-31&previous_page_section_name=1000&federated_search_id=f32b88fa-2c26-4e9c-ac46-cf807a198ea0, (300),Price:$57 / night,Private room in XIV Arrondissement,4.69,2 guests · 1 bedroom · 1 bed · 1 shared bath
19,Amazing appartment on the Canal - null - Paris,http://airbnb.com/rooms/37064479?adults=1&check_in=2020-12-30&check_out=2020-12-31&previous_page_section_name=1000&federated_search_id=f32b88fa-2c26-4e9c-ac46-cf807a198ea0, (8),Price:$95 / night,Entire apartment in X Arrondissement,4.75,3 guests · 1 bedroom · 2 beds · 1 bath
